id,rated,variant,speed,perf,createdAt,lastMoveAt,status,source,players,opening,clock,winner
zSqQzyMK,True,standard,rapid,rapid,1766715521962,1766716457471,stalemate,pool,"{'white': {'user': {'name': 'selemin', 'id': 'selemin'}, 'rating': 1511, 'ratingDiff': 1, 'provisional': True, 'analysis': {'inaccuracy': 3, 'mistake': 6, 'blunder': 5, 'acpl': 82, 'accuracy': 72}}, 'black': {'user': {'name': 'sprasannav', 'id': 'sprasannav'}, 'rating': 1531, 'ratingDiff': 0, 'analysis': {'inaccuracy': 3, 'mistake': 6, 'blunder': 6, 'acpl': 75, 'accuracy': 75}}}","{'eco': 'C50', 'name': 'Italian Game: Giuoco Pianissimo, Italian Four Knights Variation', 'ply': 9}","{'initial': 600, 'increment': 0, 'totalTime': 600}",
Wr2yF7iE,True,standard,blitz,blitz,1763315685965,1763316147314,outoftime,pool,"{'white': {'user': {'name': 'gwelain', 'id': 'gwelain'}, 'rating': 984, 'ratingDiff': -5}, 'black': {'user': {'name': 'selemin', 'id': 'selemin'}, 'rating': 1045, 'ratingDiff': 30, 'provisional': True}}","{'eco': 'B06', 'name': 'Modern Defense: Two Knights Variation', 'ply': 7}","{'initial': 180, 'increment': 2, 'totalTime': 260}",black
agWAvzeS,True,standard,rapid,rapid,1763223566652,1763224422243,resign,pool,"{'white': {'user': {'name': 'selemin', 'id': 'selemin'}, 'rating': 1466, 'ratingDiff': 45, 'provisional': True, 'analysis': {'inaccuracy': 7, 'mistake': 2, 'blunder': 4, 'acpl': 51, 'accuracy': 83}}, 'black': {'user': {'name': 'ProtivNIK10rus', 'flair': 'activity.tennis', 'id': 'protivnik10rus'}, 'rating': 1449, 'ratingDiff': -5, 'analysis': {'inaccuracy': 5, 'mistake': 5, 'blunder': 5, 'acpl': 69, 'accuracy': 79}}}","{'eco': 'D00', 'name': ""Queen's Pawn Game: Accelerated London System"", 'ply': 3}","{'initial': 600, 'increment': 0, 'totalTime': 600}",white
c9dYgBxR,True,standard,rapid,rapid,1763168145481,1763169268961,draw,pool,"{'white': {'user': {'name': 'selemin', 'id': 'selemin'}, 'rating': 1470, 'ratingDiff': -4, 'provisional': True}, 'black': {'user': {'name': 'AzerAzad', 'id': 'azerazad'}, 'rating': 1446, 'ratingDiff': 0}}","{'eco': 'A40', 'name': 'Horwitz Defense', 'ply': 2}","{'initial': 600, 'increment': 0, 'totalTime': 600}",
0VwSpP2b,True,standard,rapid,rapid,1762708932724,1762709956834,mate,pool,"{'white': {'user': {'name': 'Luis1111aa', 'id': 'luis1111aa'}, 'rating': 1471, 'ratingDiff': -6, 'analysis': {'inaccuracy': 4, 'mistake': 2, 'blunder': 4, 'acpl': 99, 'accuracy': 63}}, 'black': {'user': {'name': 'selemin', 'id': 'selemin'}, 'rating': 1393, 'ratingDiff': 77, 'provisional': True, 'analysis': {'inaccuracy': 3, 'mistake': 1, 'blunder': 2, 'acpl': 65, 'accuracy': 70}}}","{'eco': 'E91', 'name': ""King's Indian Defense: Orthodox Variation"", 'ply': 11}","{'initial': 600, 'increment': 0, 'totalTime': 600}",black
9SEofCD0,True,standard,rapid,rapid,1762700368684,1762701080670,mate,pool,"{'white': {'user': {'name': 'alec150', 'flair': 'activity.chess-pawn', 'id': 'alec150'}, 'rating': 1304, 'ratingDiff': -9, 'analysis': {'inaccuracy': 3, 'mistake': 1, 'blunder': 3, 'acpl': 116, 'accuracy': 60}}, 'black': {'user': {'name': 'selemin', 'id': 'selemin'}, 'rating': 1320, 'ratingDiff': 73, 'provisional': True, 'analysis': {'inaccuracy': 2, 'mistake': 0, 'blunder': 3, 'acpl': 70, 'accuracy': 71}}}","{'eco': 'A04', 'name': 'Zukertort Opening: Black Mustang Defense', 'ply': 2}","{'initial': 600, 'increment': 0, 'totalTime': 600}",black
AAtg8JeN,True,standard,blitz,blitz,1740862606933,1740862752477,resign,pool,"{'white': {'user': {'name': 'selemin', 'id': 'selemin'}, 'rating': 1015, 'ratingDiff': 30}, 'black': {'user': {'name': 'chisto_pusto', 'id': 'chisto_pusto'}, 'rating': 1109, 'ratingDiff': -7}}","{'eco': 'D00', 'name': ""Queen's Pawn Game: Accelerated London System"", 'ply': 3}","{'initial': 180, 'increment': 2, 'totalTime': 260}",white
jonnwD46,True,standard,blitz,blitz,1740862216869,1740862521286,resign,pool,"{'white': {'user': {'name': 'Shaked222', 'id': 'shaked222'}, 'rating': 1100, 'ratingDiff': -7}, 'black': {'user': {'name': 'selemin', 'id': 'selemin'}, 'rating': 983, 'ratingDiff': 32}}","{'eco': 'D37', 'name': ""Queen's Gambit Declined: Three Knights Variation"", 'ply': 7}","{'initial': 180, 'increment': 2, 'totalTime': 260}",black
mb4qSQfZ,True,standard,blitz,blitz,1740861899822,1740862208200,resign,pool,"{'white': {'user': {'name': 'selemin', 'id': 'selemin'}, 'rating': 1002, 'ratingDiff': -19}, 'black': {'user': {'name': 'Shaked222', 'id': 'shaked222'}, 'rating': 1096, 'ratingDiff': 4}}","{'eco': 'C42', 'name': ""Petrov's Defense: Three Knights Game"", 'ply': 5}","{'initial': 180, 'increment': 2, 'totalTime': 260}",black
CqpMT4Dw,True,standard,blitz,blitz,1720123142616,1720123629064,resign,pool,"{'white': {'user': {'name': 'shahrzad1390', 'id': 'shahrzad1390'}, 'rating': 973, 'ratingDiff': 7}, 'black': {'user': {'name': 'selemin', 'id': 'selemin'}, 'rating': 1016, 'ratingDiff': -14}}","{'eco': 'B00', 'name': 'Pirc Defense', 'ply': 2}","{'initial': 300, 'increment': 3, 'totalTime': 420}",white
lOZPUggY,True,standard,rapid,rapid,1712703165360,1712704224062,outoftime,pool,"{'white': {'user': {'name': 'Sriram_King', 'flair': 'nature.rooster', 'id': 'sriram_king'}, 'rating': 1260, 'ratingDiff': -5}, 'black': {'user': {'name': 'selemin', 'id': 'selemin'}, 'rating': 1263, 'ratingDiff': 57, 'provisional': True}}","{'eco': 'C20', 'name': ""King's Pawn Game: Napoleon Attack"", 'ply': 3}","{'initial': 600, 'increment': 0, 'totalTime': 600}",black
Q2eY8L52,True,standard,blitz,blitz,1711160829048,1711161087386,mate,pool,"{'white': {'user': {'name': 'selemin', 'id': 'selemin'}, 'rating': 1011, 'ratingDiff': 5}, 'black': {'user': {'name': 'vcoll', 'id': 'vcoll'}, 'rating': 943, 'ratingDiff': -4}}","{'eco': 'D00', 'name': ""Queen's Pawn Game: Accelerated London System"", 'ply': 3}","{'initial': 300, 'increment': 3, 'totalTime': 420}",white
2T9XpODZ,True,standard,blitz,blitz,1711160354124,1711160810607,resign,pool,"{'white': {'user': {'name': 'getitrightsteve', 'id': 'getitrightsteve'}, 'rating': 1017, 'ratingDiff': 6}, 'black': {'user': {'name': 'selemin', 'id': 'selemin'}, 'rating': 1017, 'ratingDiff': -6}}","{'eco': 'C29', 'name': 'Vienna Game: Vienna Gambit', 'ply': 5}","{'initial': 300, 'increment': 3, 'totalTime': 420}",white
su6znsLH,True,standard,blitz,blitz,1711150992367,1711151610158,mate,pool,"{'white': {'user': {'name': 'selemin', 'id': 'selemin'}, 'rating': 1010, 'ratingDiff': 7, 'analysis': {'inaccuracy': 6, 'mistake': 3, 'blunder': 1, 'acpl': 29, 'accuracy': 91}}, 'black': {'user': {'name': 'thedankme', 'id': 'thedankme'}, 'rating': 1049, 'ratingDiff': -6, 'analysis': {'inaccuracy': 7, 'mistake': 3, 'blunder': 2, 'acpl': 44, 'accuracy': 86}}}","{'eco': 'D00', 'name': ""Queen's Pawn Game: Accelerated London System"", 'ply': 3}","{'initial': 300, 'increment': 3, 'totalTime': 420}",white
xo0x2gG5,True,standard,blitz,blitz,1711138769177,1711139413029,resign,pool,"{'white': {'user': {'name': 'selemin', 'id': 'selemin'}, 'rating': 1005, 'ratingDiff': 5}, 'black': {'user': {'name': 'eskul', 'id': 'eskul'}, 'rating': 975, 'ratingDiff': -5}}","{'eco': 'D00', 'name': ""Queen's Pawn Game: Accelerated London System"", 'ply': 3}","{'initial': 300, 'increment': 3, 'totalTime': 420}",white
ZVUyl5lq,True,standard,blitz,blitz,1711135173827,1711136028510,mate,pool,"{'white': {'user': {'name': 'krzysztofgorzelak', 'flair': 'people.eyes', 'id': 'krzysztofgorzelak'}, 'rating': 934, 'ratingDiff': -5}, 'black': {'user': {'name': 'selemin', 'id': 'selemin'}, 'rating': 1001, 'ratingDiff': 4}}","{'eco': 'D00', 'name': ""Queen's Pawn Game: Accelerated London System"", 'ply': 3}","{'initial': 300, 'increment': 3, 'totalTime': 420}",black
QzqIw0Rn,True,standard,blitz,blitz,1711076185564,1711076821854,mate,pool,"{'white': {'user': {'name': 'Eleop', 'id': 'eleop'}, 'rating': 1136, 'ratingDiff': -8, 'analysis': {'inaccuracy': 5, 'mistake': 2, 'blunder': 3, 'acpl': 87, 'accuracy': 74}}, 'black': {'user': {'name': 'selemin', 'id': 'selemin'}, 'rating': 993, 'ratingDiff': 8, 'analysis': {'inaccuracy': 4, 'mistake': 4, 'blunder': 0, 'acpl': 52, 'accuracy': 83}}}","{'eco': 'D00', 'name': ""Queen's Pawn Game"", 'ply': 3}","{'initial': 300, 'increment': 3, 'totalTime': 420}",black
eJqTIsKz,True,standard,blitz,blitz,1711066749730,1711066925553,mate,pool,"{'white': {'user': {'name': 'cataphract331', 'id': 'cataphract331'}, 'rating': 1045, 'ratingDiff': -9, 'analysis': {'inaccuracy': 1, 'mistake': 0, 'blunder': 1, 'acpl': 113, 'accuracy': 42}}, 'black': {'user': {'name': 'selemin', 'id': 'selemin'}, 'rating': 986, 'ratingDiff': 7, 'analysis': {'inaccuracy': 1, 'mistake': 1, 'blunder': 1, 'acpl': 38, 'accuracy': 72}}}","{'eco': 'C68', 'name': 'Ruy Lopez: Exchange Variation', 'ply': 7}","{'initial': 300, 'increment': 3, 'totalTime': 420}",black
L2nMLlXU,True,standard,blitz,blitz,1711064774214,1711064848108,resign,pool,"{'white': {'user': {'name': 'selemin', 'id': 'selemin'}, 'rating': 982, 'ratingDiff': 4, 'analysis': {'inaccuracy': 0, 'mistake': 0, 'blunder': 0, 'acpl': 12, 'accuracy': 95}}, 'black': {'user': {'name': 'Mut005', 'id': 'mut005'}, 'rating': 886, 'ratingDiff': -7, 'analysis': {'inaccuracy': 1, 'mistake': 1, 'blunder': 1, 'acpl': 82, 'accuracy': 69}}}","{'eco': 'D00', 'name': ""Queen's Pawn Game: Accelerated London System"", 'ply': 3}","{'initial': 300, 'increment': 3, 'totalTime': 420}",white
RKQVTGHA,True,standard,blitz,blitz,1711064255738,1711064527966,timeout,pool,"{'white': {'user': {'name': 'kevinc03', 'id': 'kevinc03'}, 'rating': 1025, 'ratingDiff': -124, 'provisional': True, 'analysis': {'inaccuracy': 3, 'mistake': 0, 'blunder': 1, 'acpl': 55, 'accuracy': 73}}, 'black': {'user': {'name': 'selemin', 'id': 'selemin'}, 'rating': 977, 'ratingDiff': 5, 'analysis': {'inaccuracy': 0, 'mistake': 1, 'blunder': 0, 'acpl': 23, 'accuracy': 86}}}","{'eco': 'C50', 'name': 'Italian Game: Giuoco Piano', 'ply': 6}","{'initial': 300, 'increment': 3, 'totalTime': 420}",black
1GVhhsaB,True,standard,blitz,blitz,1711040726397,1711040841331,resign,pool,"{'white': {'user': {'name': 'selemin', 'id': 'selemin'}, 'rating': 982, 'ratingDiff': -5, 'analysis': {'inaccuracy': 2, 'mistake': 2, 'blunder': 1, 'acpl': 77, 'accuracy': 71}}, 'black': {'user': {'name': 'TobyMcGuire', 'id': 'tobymcguire'}, 'rating': 1015, 'ratingDiff': 6, 'analysis': {'inaccuracy': 1, 'mistake': 1, 'blunder': 0, 'acpl': 29, 'accuracy': 85}}}","{'eco': 'D00', 'name': ""Queen's Pawn Game: Accelerated London System"", 'ply': 3}","{'initial': 300, 'increment': 3, 'totalTime': 420}",black
uIrvemUL,True,standard,blitz,blitz,1711039717031,1711040521130,mate,pool,"{'white': {'user': {'name': 'henri12349', 'id': 'henri12349'}, 'rating': 937, 'ratingDiff': -5}, 'black': {'user': {'name': 'selemin', 'id': 'selemin'}, 'rating': 977, 'ratingDiff': 5}}","{'eco': 'C44', 'name': 'Scotch Game', 'ply': 5}","{'initial': 300, 'increment': 3, 'totalTime': 420}",black
zQDm96kW,True,standard,blitz,blitz,1710992999362,1710993460607,mate,pool,"{'white': {'user': {'name': 'selemin', 'id': 'selemin'}, 'rating': 969, 'ratingDiff': 8, 'analysis': {'inaccuracy': 2, 'mistake': 1, 'blunder': 1, 'acpl': 63, 'accuracy': 71}}, 'black': {'user': {'name': 'vermavarun', 'id': 'vermavarun'}, 'rating': 1067, 'ratingDiff': -11, 'analysis': {'inaccuracy': 0, 'mistake': 1, 'blunder': 3, 'acpl': 110, 'accuracy': 44}}}","{'eco': 'D02', 'name': ""Queen's Pawn Game: London System"", 'ply': 5}","{'initial': 300, 'increment': 3, 'totalTime': 420}",white
qhozn38g,True,standard,blitz,blitz,1710980279264,1710980860103,resign,pool,"{'white': {'user': {'name': 'selemin', 'id': 'selemin'}, 'rating': 965, 'ratingDiff': 4}, 'black': {'user': {'name': 'ConMan126', 'id': 'conman126'}, 'rating': 901, 'ratingDiff': -4}}","{'eco': 'D00', 'name': ""Queen's Pawn Game: Accelerated London System"", 'ply': 3}","{'initial': 300, 'increment': 3, 'totalTime': 420}",white
J5md6Ki5,True,standard,blitz,blitz,1710979705432,1710980072802,mate,pool,"{'white': {'user': {'name': 'alexandr2828', 'id': 'alexandr2828'}, 'rating': 967, 'ratingDiff': -5, 'analysis': {'inaccuracy': 3, 'mistake': 0, 'blunder': 3, 'acpl': 118, 'accuracy': 44}}, 'black': {'user': {'name': 'selemin', 'id': 'selemin'}, 'rating': 959, 'ratingDiff': 6, 'analysis': {'inaccuracy': 4, 'mistake': 0, 'blunder': 3, 'acpl': 79, 'accuracy': 65}}}","{'eco': 'C48', 'name': 'Four Knights Game: Spanish Variation', 'ply': 7}","{'initial': 300, 'increment': 3, 'totalTime': 420}",black
bWjs0WTc,True,standard,blitz,blitz,1710964737515,1710965342011,mate,pool,"{'white': {'user': {'name': 'selemin', 'id': 'selemin'}, 'rating': 964, 'ratingDiff': -5}, 'black': {'user': {'name': 'GameofTrones', 'id': 'gameoftrones'}, 'rating': 1026, 'ratingDiff': 5}}","{'eco': 'A48', 'name': 'London System, with Bd3', 'ply': 9}","{'initial': 300, 'increment': 3, 'totalTime': 420}",black
LwBqGwTV,True,standard,blitz,blitz,1710892837944,1710893203213,resign,pool,"{'white': {'user': {'name': 'Kroshil', 'id': 'kroshil'}, 'rating': 1003, 'ratingDiff': 5}, 'black': {'user': {'name': 'selemin', 'id': 'selemin'}, 'rating': 969, 'ratingDiff': -5}}","{'eco': 'C46', 'name': 'Three Knights Opening', 'ply': 5}","{'initial': 300, 'increment': 3, 'totalTime': 420}",white
LYEgcIg5,True,standard,blitz,blitz,1710871695950,1710872058878,resign,pool,"{'white': {'user': {'name': 'Alisher_Tilavov', 'id': 'alisher_tilavov'}, 'rating': 886, 'ratingDiff': 67, 'provisional': True, 'analysis': {'inaccuracy': 1, 'mistake': 2, 'blunder': 3, 'acpl': 66, 'accuracy': 74}}, 'black': {'user': {'name': 'selemin', 'id': 'selemin'}, 'rating': 975, 'ratingDiff': -6, 'analysis': {'inaccuracy': 3, 'mistake': 1, 'blunder': 3, 'acpl': 110, 'accuracy': 49}}}","{'eco': 'C50', 'name': 'Four Knights Game: Italian Variation', 'ply': 8}","{'initial': 300, 'increment': 3, 'totalTime': 420}",white
uEN5kHGl,True,standard,blitz,blitz,1710857064000,1710857810876,outoftime,pool,"{'white': {'user': {'name': 'selemin', 'id': 'selemin'}, 'rating': 969, 'ratingDiff': 6, 'analysis': {'inaccuracy': 4, 'mistake': 3, 'blunder': 5, 'acpl': 130, 'accuracy': 62}}, 'black': {'user': {'name': 'swys', 'id': 'swys'}, 'rating': 967, 'ratingDiff': -5, 'analysis': {'inaccuracy': 6, 'mistake': 4, 'blunder': 4, 'acpl': 101, 'accuracy': 70}}}","{'eco': 'D00', 'name': ""Queen's Pawn Game: Accelerated London System"", 'ply': 3}","{'initial': 300, 'increment': 3, 'totalTime': 420}",white
iuSkwqNp,True,standard,blitz,blitz,1710817339662,1710817537690,resign,pool,"{'white': {'user': {'name': 'selemin', 'id': 'selemin'}, 'rating': 963, 'ratingDiff': 6, 'analysis': {'inaccuracy': 1, 'mistake': 0, 'blunder': 0, 'acpl': 17, 'accuracy': 92}}, 'black': {'user': {'name': 'WhyMustICryy', 'id': 'whymusticryy'}, 'rating': 993, 'ratingDiff': -8, 'analysis': {'inaccuracy': 2, 'mistake': 0, 'blunder': 1, 'acpl': 56, 'accuracy': 64}}}","{'eco': 'D00', 'name': ""Queen's Pawn Game: Accelerated London System"", 'ply': 3}","{'initial': 300, 'increment': 3, 'totalTime': 420}",white
qLyvweXz,True,standard,blitz,blitz,1710801065271,1710801700765,resign,pool,"{'white': {'user': {'name': 'Hyperfungus', 'id': 'hyperfungus'}, 'rating': 938, 'ratingDiff': -6, 'analysis': {'inaccuracy': 2, 'mistake': 4, 'blunder': 2, 'acpl': 81, 'accuracy': 71}}, 'black': {'user': {'name': 'selemin', 'id': 'selemin'}, 'rating': 958, 'ratingDiff': 5, 'analysis': {'inaccuracy': 3, 'mistake': 1, 'blunder': 1, 'acpl': 52, 'accuracy': 79}}}","{'eco': 'C20', 'name': 'English Opening: The Whale', 'ply': 3}","{'initial': 300, 'increment': 3, 'totalTime': 420}",black
ggrxSPfg,True,standard,blitz,blitz,1710800641682,1710800887090,resign,pool,"{'white': {'user': {'name': 'selemin', 'id': 'selemin'}, 'rating': 951, 'ratingDiff': 7, 'analysis': {'inaccuracy': 0, 'mistake': 0, 'blunder': 1, 'acpl': 48, 'accuracy': 67}}, 'black': {'user': {'name': 'SimsalaBimBamBa', 'id': 'simsalabimbamba'}, 'rating': 994, 'ratingDiff': -7, 'analysis': {'inaccuracy': 0, 'mistake': 1, 'blunder': 2, 'acpl': 114, 'accuracy': 53}}}","{'eco': 'A45', 'name': 'Indian Defense: Accelerated London System', 'ply': 3}","{'initial': 300, 'increment': 3, 'totalTime': 420}",white
Y0uDmCtk,True,standard,blitz,blitz,1710780259333,1710781252365,mate,pool,"{'white': {'user': {'name': 'selemin', 'id': 'selemin'}, 'rating': 946, 'ratingDiff': 5}, 'black': {'user': {'name': 'Xavini', 'id': 'xavini'}, 'rating': 939, 'ratingDiff': -8}}","{'eco': 'D00', 'name': ""Queen's Pawn Game: Accelerated London System"", 'ply': 3}","{'initial': 300, 'increment': 3, 'totalTime': 420}",white
r1XHUScv,True,standard,blitz,blitz,1710779775837,1710780223468,stalemate,pool,"{'white': {'user': {'name': 'mengsunny2', 'id': 'mengsunny2'}, 'rating': 863, 'ratingDiff': 2}, 'black': {'user': {'name': 'selemin', 'id': 'selemin'}, 'rating': 947, 'ratingDiff': -1}}","{'eco': 'C46', 'name': 'Three Knights Opening', 'ply': 6}","{'initial': 300, 'increment': 3, 'totalTime': 420}",
Aw8uwr47,True,standard,blitz,blitz,1710776474995,1710777011357,timeout,pool,"{'white': {'user': {'name': 'selemin', 'id': 'selemin'}, 'rating': 942, 'ratingDiff': 5, 'analysis': {'inaccuracy': 2, 'mistake': 2, 'blunder': 3, 'acpl': 63, 'accuracy': 83}}, 'black': {'user': {'name': 'Salehahmed333', 'id': 'salehahmed333'}, 'rating': 931, 'ratingDiff': -8, 'analysis': {'inaccuracy': 4, 'mistake': 4, 'blunder': 2, 'acpl': 91, 'accuracy': 76}}}","{'eco': 'C57', 'name': 'Italian Game: Two Knights Defense, Knight Attack', 'ply': 7}","{'initial': 300, 'increment': 3, 'totalTime': 420}",white
3exGQOPV,True,standard,blitz,blitz,1710625387584,1710626040453,resign,pool,"{'white': {'user': {'name': 'Bigchessmarco', 'id': 'bigchessmarco'}, 'rating': 804, 'ratingDiff': -3}, 'black': {'user': {'name': 'selemin', 'id': 'selemin'}, 'rating': 938, 'ratingDiff': 4}}","{'eco': 'D00', 'name': ""Queen's Pawn Game"", 'ply': 2}","{'initial': 300, 'increment': 3, 'totalTime': 420}",black
Fq8go2u7,True,standard,blitz,blitz,1710607030135,1710607188724,resign,pool,"{'white': {'user': {'name': 'selemin', 'id': 'selemin'}, 'rating': 932, 'ratingDiff': 6, 'analysis': {'inaccuracy': 1, 'mistake': 0, 'blunder': 0, 'acpl': 46, 'accuracy': 89}}, 'black': {'user': {'name': 'tonyiks', 'id': 'tonyiks'}, 'rating': 929, 'ratingDiff': -6, 'analysis': {'inaccuracy': 2, 'mistake': 0, 'blunder': 1, 'acpl': 151, 'accuracy': 52}}}","{'eco': 'D00', 'name': ""Queen's Pawn Game: Accelerated London System"", 'ply': 3}","{'initial': 300, 'increment': 3, 'totalTime': 420}",white
MiVuZnfR,True,standard,blitz,blitz,1710602833159,1710603135960,resign,pool,"{'white': {'user': {'name': 'Can_Duran', 'flair': 'objects.crown', 'id': 'can_duran'}, 'rating': 832, 'ratingDiff': 14}, 'black': {'user': {'name': 'selemin', 'id': 'selemin'}, 'rating': 940, 'ratingDiff': -8}}","{'eco': 'C50', 'name': 'Italian Game: Rousseau Gambit', 'ply': 6}","{'initial': 300, 'increment': 3, 'totalTime': 420}",white
oX40T7hM,True,standard,blitz,blitz,1710602487981,1710602748172,mate,pool,"{'white': {'user': {'name': 'selemin', 'id': 'selemin'}, 'rating': 934, 'ratingDiff': 6, 'analysis': {'inaccuracy': 2, 'mistake': 1, 'blunder': 2, 'acpl': 60, 'accuracy': 64}}, 'black': {'user': {'name': 'SIHAMKHAN', 'flair': 'symbols.large-blue-diamond', 'id': 'sihamkhan'}, 'rating': 945, 'ratingDiff': -6, 'analysis': {'inaccuracy': 0, 'mistake': 0, 'blunder': 3, 'acpl': 132, 'accuracy': 38}}}","{'eco': 'A45', 'name': 'Indian Defense: Accelerated London System', 'ply': 3}","{'initial': 300, 'increment': 3, 'totalTime': 420}",white
sXzgD80y,True,standard,blitz,blitz,1710528844383,1710529368415,resign,pool,"{'white': {'user': {'name': 'Cervendommge', 'id': 'cervendommge'}, 'rating': 849, 'ratingDiff': -7, 'analysis': {'inaccuracy': 2, 'mistake': 2, 'blunder': 5, 'acpl': 102, 'accuracy': 59}}, 'black': {'user': {'name': 'selemin', 'id': 'selemin'}, 'rating': 929, 'ratingDiff': 5, 'analysis': {'inaccuracy': 2, 'mistake': 2, 'blunder': 3, 'acpl': 69, 'accuracy': 70}}}","{'eco': 'C21', 'name': 'Center Game: Halasz-McDonnell Gambit', 'ply': 5}","{'initial': 300, 'increment': 3, 'totalTime': 420}",black
ko1cHqko,True,standard,blitz,blitz,1710527729970,1710528405511,outoftime,pool,"{'white': {'user': {'name': 'mahamed2530ss', 'id': 'mahamed2530ss'}, 'rating': 1037, 'ratingDiff': -8, 'analysis': {'inaccuracy': 4, 'mistake': 2, 'blunder': 3, 'acpl': 65, 'accuracy': 74}}, 'black': {'user': {'name': 'selemin', 'id': 'selemin'}, 'rating': 922, 'ratingDiff': 7, 'analysis': {'inaccuracy': 2, 'mistake': 1, 'blunder': 3, 'acpl': 47, 'accuracy': 87}}}","{'eco': 'C22', 'name': 'Center Game: Paulsen Attack Variation', 'ply': 7}","{'initial': 300, 'increment': 3, 'totalTime': 420}",black
V0fPQ8z5,True,standard,blitz,blitz,1710513739466,1710514647690,resign,pool,"{'white': {'user': {'name': 'selemin', 'id': 'selemin'}, 'rating': 915, 'ratingDiff': 7, 'analysis': {'inaccuracy': 0, 'mistake': 1, 'blunder': 3, 'acpl': 65, 'accuracy': 62}}, 'black': {'user': {'name': 'swys', 'id': 'swys'}, 'rating': 964, 'ratingDiff': -7, 'analysis': {'inaccuracy': 5, 'mistake': 2, 'blunder': 3, 'acpl': 85, 'accuracy': 61}}}","{'eco': 'D00', 'name': ""Queen's Pawn Game: Accelerated London System"", 'ply': 3}","{'initial': 300, 'increment': 3, 'totalTime': 420}",white
xHZ3AJm1,True,standard,blitz,blitz,1710513430427,1710513643471,resign,pool,"{'white': {'user': {'name': 'bigdramashow1', 'id': 'bigdramashow1'}, 'rating': 931, 'ratingDiff': 5, 'analysis': {'inaccuracy': 2, 'mistake': 1, 'blunder': 0, 'acpl': 31, 'accuracy': 81}}, 'black': {'user': {'name': 'selemin', 'id': 'selemin'}, 'rating': 921, 'ratingDiff': -6, 'analysis': {'inaccuracy': 5, 'mistake': 0, 'blunder': 2, 'acpl': 82, 'accuracy': 66}}}","{'eco': 'C26', 'name': 'Vienna Game: Mieses Variation', 'ply': 5}","{'initial': 300, 'increment': 3, 'totalTime': 420}",white
GKCeyQZg,True,standard,blitz,blitz,1710457592562,1710458327176,resign,pool,"{'white': {'user': {'name': 'selemin', 'id': 'selemin'}, 'rating': 914, 'ratingDiff': 7, 'analysis': {'inaccuracy': 2, 'mistake': 3, 'blunder': 5, 'acpl': 50, 'accuracy': 81}}, 'black': {'user': {'name': 'yogibaer', 'id': 'yogibaer'}, 'rating': 940, 'ratingDiff': -6, 'analysis': {'inaccuracy': 9, 'mistake': 4, 'blunder': 5, 'acpl': 65, 'accuracy': 78}}}","{'eco': 'A45', 'name': 'Indian Defense: Accelerated London System', 'ply': 3}","{'initial': 300, 'increment': 3, 'totalTime': 420}",white
8H56ocEG,True,standard,blitz,blitz,1710445695896,1710446224399,resign,pool,"{'white': {'user': {'name': 'selemin', 'id': 'selemin'}, 'rating': 920, 'ratingDiff': -6, 'analysis': {'inaccuracy': 0, 'mistake': 2, 'blunder': 7, 'acpl': 118, 'accuracy': 55}}, 'black': {'user': {'name': 'taaadj', 'id': 'taaadj'}, 'rating': 949, 'ratingDiff': 13, 'analysis': {'inaccuracy': 3, 'mistake': 2, 'blunder': 5, 'acpl': 102, 'accuracy': 57}}}","{'eco': 'D00', 'name': ""Queen's Pawn Game: Accelerated London System"", 'ply': 3}","{'initial': 300, 'increment': 3, 'totalTime': 420}",black
TDzKxV01,True,standard,blitz,blitz,1710375388283,1710375744148,mate,pool,"{'white': {'user': {'name': 'seuvelho', 'id': 'seuvelho'}, 'rating': 821, 'ratingDiff': -6, 'analysis': {'inaccuracy': 0, 'mistake': 1, 'blunder': 7, 'acpl': 129, 'accuracy': 53}}, 'black': {'user': {'name': 'selemin', 'id': 'selemin'}, 'rating': 915, 'ratingDiff': 5, 'analysis': {'inaccuracy': 2, 'mistake': 0, 'blunder': 5, 'acpl': 81, 'accuracy': 66}}}","{'eco': 'C57', 'name': 'Italian Game: Two Knights Defense, Knight Attack, Normal Variation', 'ply': 8}","{'initial': 300, 'increment': 3, 'totalTime': 420}",black
ybIep1P6,True,standard,blitz,blitz,1709827633313,1709827790670,resign,pool,"{'white': {'user': {'name': 'selemin', 'id': 'selemin'}, 'rating': 921, 'ratingDiff': -6}, 'black': {'user': {'name': 'NichikaM', 'id': 'nichikam'}, 'rating': 904, 'ratingDiff': 6}}","{'eco': 'C44', 'name': 'Ponziani Opening: Jaenisch Counterattack', 'ply': 6}","{'initial': 300, 'increment': 3, 'totalTime': 420}",black
FD7Vyrba,True,standard,blitz,blitz,1709827351985,1709827623979,resign,pool,"{'white': {'user': {'name': 'selemin', 'id': 'selemin'}, 'rating': 927, 'ratingDiff': -6}, 'black': {'user': {'name': 'Perryman08', 'id': 'perryman08'}, 'rating': 947, 'ratingDiff': 5}}","{'eco': 'C42', 'name': ""Petrov's Defense: Italian Variation"", 'ply': 5}","{'initial': 300, 'increment': 3, 'totalTime': 420}",black
2UXE1vAD,True,standard,bullet,bullet,1709817937269,1709818243717,outoftime,pool,"{'white': {'user': {'name': 'BartekMad', 'id': 'bartekmad'}, 'rating': 959, 'ratingDiff': 5}, 'black': {'user': {'name': 'selemin', 'id': 'selemin'}, 'rating': 866, 'ratingDiff': -9}}","{'eco': 'C50', 'name': 'Italian Game: Giuoco Pianissimo, Normal', 'ply': 8}","{'initial': 120, 'increment': 1, 'totalTime': 160}",white
rhYf1fym,True,standard,bullet,bullet,1709782780145,1709783061421,outoftime,pool,"{'white': {'user': {'name': 'jam79', 'id': 'jam79'}, 'rating': 889, 'ratingDiff': -6}, 'black': {'user': {'name': 'selemin', 'id': 'selemin'}, 'rating': 851, 'ratingDiff': 15}}","{'eco': 'C70', 'name': 'Ruy Lopez: Morphy Defense, Caro Variation', 'ply': 8}","{'initial': 120, 'increment': 1, 'totalTime': 160}",black
afWsKQ4X,True,standard,blitz,blitz,1709771727547,1709772388374,outoftime,pool,"{'white': {'user': {'name': 'selemin', 'id': 'selemin'}, 'rating': 919, 'ratingDiff': 8}, 'black': {'user': {'name': 'amaruneru', 'id': 'amaruneru'}, 'rating': 1040, 'ratingDiff': -8}}","{'eco': 'B56', 'name': 'Sicilian Defense: Classical Variation', 'ply': 10}","{'initial': 300, 'increment': 3, 'totalTime': 420}",white
hx84y4cN,True,standard,blitz,blitz,1709771199737,1709771675322,resign,pool,"{'white': {'user': {'name': 'Ragnar202', 'id': 'ragnar202'}, 'rating': 886, 'ratingDiff': 7}, 'black': {'user': {'name': 'selemin', 'id': 'selemin'}, 'rating': 926, 'ratingDiff': -7}}","{'eco': 'D02', 'name': ""Queen's Pawn Game: Zukertort Variation"", 'ply': 3}","{'initial': 300, 'increment': 3, 'totalTime': 420}",white
h8N9adK8,True,standard,blitz,blitz,1709669460370,1709670127198,resign,pool,"{'white': {'user': {'name': 'selemin', 'id': 'selemin'}, 'rating': 921, 'ratingDiff': 5, 'analysis': {'inaccuracy': 1, 'mistake': 3, 'blunder': 3, 'acpl': 70, 'accuracy': 78}}, 'black': {'user': {'name': 'wittmannf', 'id': 'wittmannf'}, 'rating': 850, 'ratingDiff': -5, 'analysis': {'inaccuracy': 4, 'mistake': 4, 'blunder': 3, 'acpl': 110, 'accuracy': 69}}}","{'eco': 'B01', 'name': 'Scandinavian Defense: Main Line', 'ply': 6}","{'initial': 300, 'increment': 3, 'totalTime': 420}",white
qJ4OLzHB,True,standard,blitz,blitz,1709665338413,1709665745566,resign,pool,"{'white': {'user': {'name': 'selemin', 'id': 'selemin'}, 'rating': 926, 'ratingDiff': -5, 'analysis': {'inaccuracy': 0, 'mistake': 1, 'blunder': 3, 'acpl': 95, 'accuracy': 56}}, 'black': {'user': {'name': 'magdy632', 'id': 'magdy632'}, 'rating': 973, 'ratingDiff': 10, 'analysis': {'inaccuracy': 1, 'mistake': 0, 'blunder': 3, 'acpl': 69, 'accuracy': 69}}}","{'eco': 'C57', 'name': 'Italian Game: Two Knights Defense, Fried Liver Attack', 'ply': 11}","{'initial': 300, 'increment': 3, 'totalTime': 420}",black
HjRB86ye,True,standard,blitz,blitz,1709664968314,1709665304804,resign,pool,"{'white': {'user': {'name': 'acilci', 'id': 'acilci'}, 'rating': 916, 'ratingDiff': 6}, 'black': {'user': {'name': 'selemin', 'id': 'selemin'}, 'rating': 933, 'ratingDiff': -7}}","{'eco': 'C50', 'name': 'Italian Game: Giuoco Pianissimo, Lucchini Gambit', 'ply': 8}","{'initial': 300, 'increment': 3, 'totalTime': 420}",white
oPJpHcl7,True,standard,blitz,blitz,1709578024263,1709578735059,mate,pool,"{'white': {'user': {'name': 'MohamedKhaled_9', 'id': 'mohamedkhaled_9'}, 'rating': 958, 'ratingDiff': -9, 'analysis': {'inaccuracy': 3, 'mistake': 2, 'blunder': 3, 'acpl': 74, 'accuracy': 74}}, 'black': {'user': {'name': 'selemin', 'id': 'selemin'}, 'rating': 926, 'ratingDiff': 7, 'analysis': {'inaccuracy': 3, 'mistake': 2, 'blunder': 1, 'acpl': 39, 'accuracy': 86}}}","{'eco': 'C50', 'name': 'Italian Game: Giuoco Pianissimo, Normal', 'ply': 8}","{'initial': 300, 'increment': 3, 'totalTime': 420}",black
gULmPzU5,True,standard,blitz,blitz,1709571082672,1709571692636,resign,pool,"{'white': {'user': {'name': 'KZAKNES', 'flair': 'smileys.alien', 'id': 'kzaknes'}, 'rating': 976, 'ratingDiff': 5, 'analysis': {'inaccuracy': 3, 'mistake': 1, 'blunder': 3, 'acpl': 82, 'accuracy': 73}}, 'black': {'user': {'name': 'selemin', 'id': 'selemin'}, 'rating': 931, 'ratingDiff': -5, 'analysis': {'inaccuracy': 4, 'mistake': 2, 'blunder': 4, 'acpl': 123, 'accuracy': 61}}}","{'eco': 'D50', 'name': ""Queen's Gambit Declined: Modern Variation"", 'ply': 7}","{'initial': 300, 'increment': 3, 'totalTime': 420}",white
JBIWqVeT,True,standard,blitz,blitz,1709561525768,1709561808094,resign,pool,"{'white': {'user': {'name': 'selemin', 'id': 'selemin'}, 'rating': 924, 'ratingDiff': 7, 'analysis': {'inaccuracy': 1, 'mistake': 1, 'blunder': 1, 'acpl': 47, 'accuracy': 76}}, 'black': {'user': {'name': 'Charly_Watts', 'id': 'charly_watts'}, 'rating': 977, 'ratingDiff': -7, 'analysis': {'inaccuracy': 1, 'mistake': 3, 'blunder': 1, 'acpl': 112, 'accuracy': 61}}}","{'eco': 'C40', 'name': ""King's Pawn Game: Damiano Defense"", 'ply': 4}","{'initial': 300, 'increment': 3, 'totalTime': 420}",white
K4o8TzfZ,True,standard,blitz,blitz,1709430884293,1709431111902,resign,pool,"{'white': {'user': {'name': 'joeyo', 'flair': 'people.brain', 'id': 'joeyo'}, 'rating': 931, 'ratingDiff': 6, 'analysis': {'inaccuracy': 4, 'mistake': 2, 'blunder': 2, 'acpl': 85, 'accuracy': 65}}, 'black': {'user': {'name': 'selemin', 'id': 'selemin'}, 'rating': 930, 'ratingDiff': -6, 'analysis': {'inaccuracy': 2, 'mistake': 2, 'blunder': 3, 'acpl': 134, 'accuracy': 47}}}","{'eco': 'C46', 'name': 'Three Knights Opening', 'ply': 6}","{'initial': 300, 'increment': 3, 'totalTime': 420}",white
5hmTh0pS,True,standard,blitz,blitz,1709241132972,1709241721553,resign,pool,"{'white': {'user': {'name': 'HOSSEINTAVAKOLI', 'id': 'hosseintavakoli'}, 'rating': 847, 'ratingDiff': 7}, 'black': {'user': {'name': 'selemin', 'id': 'selemin'}, 'rating': 939, 'ratingDiff': -9}}","{'eco': 'C50', 'name': 'Italian Game: Giuoco Pianissimo, Normal', 'ply': 8}","{'initial': 300, 'increment': 3, 'totalTime': 420}",white
tUZr7CEw,True,standard,blitz,blitz,1709240950047,1709241023054,resign,pool,"{'white': {'user': {'name': 'broblake18', 'id': 'broblake18'}, 'rating': 1027, 'ratingDiff': 5, 'analysis': {'inaccuracy': 2, 'mistake': 1, 'blunder': 0, 'acpl': 57, 'accuracy': 73}}, 'black': {'user': {'name': 'selemin', 'id': 'selemin'}, 'rating': 944, 'ratingDiff': -5, 'analysis': {'inaccuracy': 1, 'mistake': 1, 'blunder': 0, 'acpl': 62, 'accuracy': 74}}}","{'eco': 'A00', 'name': ""Van't Kruijs Opening"", 'ply': 1}","{'initial': 300, 'increment': 3, 'totalTime': 420}",white
EnWv8dkt,True,standard,blitz,blitz,1709159251691,1709159594552,resign,pool,"{'white': {'user': {'name': 'selemin', 'id': 'selemin'}, 'rating': 950, 'ratingDiff': -6}, 'black': {'user': {'name': 'lukekennedy', 'id': 'lukekennedy'}, 'rating': 994, 'ratingDiff': 5}}","{'eco': 'C50', 'name': 'Italian Game: Anti-Fried Liver Defense', 'ply': 6}","{'initial': 300, 'increment': 3, 'totalTime': 420}",black
skJ25ler,True,standard,blitz,blitz,1709158418111,1709159237628,outoftime,pool,"{'white': {'user': {'name': 'selemin', 'id': 'selemin'}, 'rating': 943, 'ratingDiff': 7}, 'black': {'user': {'name': 'SlowlyHellcat', 'id': 'slowlyhellcat'}, 'rating': 927, 'ratingDiff': -5}}","{'eco': 'B00', 'name': 'Owen Defense', 'ply': 2}","{'initial': 300, 'increment': 3, 'totalTime': 420}",white
X1QOLXZb,True,standard,blitz,blitz,1709153759512,1709154096500,resign,pool,"{'white': {'user': {'name': 'selemin', 'id': 'selemin'}, 'rating': 936, 'ratingDiff': 7, 'analysis': {'inaccuracy': 0, 'mistake': 0, 'blunder': 0, 'acpl': 44, 'accuracy': 85}}, 'black': {'user': {'name': 'BellaeE', 'id': 'bellaee'}, 'rating': 1151, 'ratingDiff': -267, 'provisional': True, 'analysis': {'inaccuracy': 2, 'mistake': 1, 'blunder': 1, 'acpl': 123, 'accuracy': 58}}}","{'eco': 'C54', 'name': 'Italian Game: Classical Variation, Greco Gambit, Traditional Line', 'ply': 11}","{'initial': 300, 'increment': 3, 'totalTime': 420}",white
Ph03OaLE,True,standard,blitz,blitz,1709153223247,1709153736517,resign,pool,"{'white': {'user': {'name': 'MDAShadow', 'id': 'mdashadow'}, 'rating': 938, 'ratingDiff': -7}, 'black': {'user': {'name': 'selemin', 'id': 'selemin'}, 'rating': 929, 'ratingDiff': 7}}","{'eco': 'C50', 'name': 'Italian Game: Giuoco Piano', 'ply': 6}","{'initial': 300, 'increment': 3, 'totalTime': 420}",black
mcFWkGbI,True,standard,blitz,blitz,1709069127003,1709069492651,resign,pool,"{'white': {'user': {'name': 'Kurdistana', 'id': 'kurdistana'}, 'rating': 976, 'ratingDiff': 5}, 'black': {'user': {'name': 'selemin', 'id': 'selemin'}, 'rating': 935, 'ratingDiff': -6}}","{'eco': 'C20', 'name': ""King's Pawn Game: Wayward Queen Attack, Kiddie Countergambit"", 'ply': 4}","{'initial': 300, 'increment': 3, 'totalTime': 420}",white
Rhl0g40d,True,standard,blitz,blitz,1709059408595,1709059851990,resign,pool,"{'white': {'user': {'name': 'selemin', 'id': 'selemin'}, 'rating': 943, 'ratingDiff': -8}, 'black': {'user': {'name': 'monsef1998', 'id': 'monsef1998'}, 'rating': 930, 'ratingDiff': 6}}","{'eco': 'C50', 'name': 'Italian Game: Anti-Fried Liver Defense', 'ply': 6}","{'initial': 300, 'increment': 3, 'totalTime': 420}",black
nqEI2Dv9,True,standard,blitz,blitz,1709058941548,1709059368557,mate,pool,"{'white': {'user': {'name': 'DerHamsta', 'id': 'derhamsta'}, 'rating': 790, 'ratingDiff': -4}, 'black': {'user': {'name': 'selemin', 'id': 'selemin'}, 'rating': 938, 'ratingDiff': 5}}","{'eco': 'C23', 'name': ""Bishop's Opening"", 'ply': 3}","{'initial': 300, 'increment': 3, 'totalTime': 420}",black
RyqtvXJa,True,standard,blitz,blitz,1709058195687,1709058898550,outoftime,pool,"{'white': {'user': {'name': 'raballa', 'id': 'raballa'}, 'rating': 869, 'ratingDiff': -4}, 'black': {'user': {'name': 'selemin', 'id': 'selemin'}, 'rating': 932, 'ratingDiff': 6}}","{'eco': 'C50', 'name': 'Italian Game: Giuoco Piano', 'ply': 6}","{'initial': 300, 'increment': 3, 'totalTime': 420}",black
9mkt2JNm,True,standard,blitz,blitz,1709048402802,1709049175508,resign,pool,"{'white': {'user': {'name': 'selemin', 'id': 'selemin'}, 'rating': 939, 'ratingDiff': -7}, 'black': {'user': {'name': 'asierGDE', 'id': 'asiergde'}, 'rating': 968, 'ratingDiff': 13}}","{'eco': 'C44', 'name': 'Scotch Game', 'ply': 5}","{'initial': 300, 'increment': 3, 'totalTime': 420}",black
nalOrxob,True,standard,blitz,blitz,1709048103984,1709048342403,resign,pool,"{'white': {'user': {'name': 'rtamm', 'id': 'rtamm'}, 'rating': 869, 'ratingDiff': -4, 'analysis': {'inaccuracy': 2, 'mistake': 0, 'blunder': 1, 'acpl': 61, 'accuracy': 80}}, 'black': {'user': {'name': 'selemin', 'id': 'selemin'}, 'rating': 932, 'ratingDiff': 7, 'analysis': {'inaccuracy': 2, 'mistake': 0, 'blunder': 0, 'acpl': 23, 'accuracy': 92}}}","{'eco': 'A00', 'name': 'Mieses Opening', 'ply': 1}","{'initial': 300, 'increment': 3, 'totalTime': 420}",black
dtmPvvCW,True,standard,blitz,blitz,1709045494870,1709045982829,mate,pool,"{'white': {'user': {'name': 'Juanshifu85', 'id': 'juanshifu85'}, 'rating': 955, 'ratingDiff': -7, 'analysis': {'inaccuracy': 2, 'mistake': 1, 'blunder': 6, 'acpl': 127, 'accuracy': 63}}, 'black': {'user': {'name': 'selemin', 'id': 'selemin'}, 'rating': 923, 'ratingDiff': 9, 'analysis': {'inaccuracy': 1, 'mistake': 1, 'blunder': 4, 'acpl': 77, 'accuracy': 73}}}","{'eco': 'C46', 'name': 'Three Knights Opening: Winawer Defense', 'ply': 6}","{'initial': 300, 'increment': 3, 'totalTime': 420}",black
7uayos1c,True,standard,blitz,blitz,1709044683465,1709045486603,mate,pool,"{'white': {'user': {'name': 'selemin', 'id': 'selemin'}, 'rating': 914, 'ratingDiff': 9}, 'black': {'user': {'name': 'Juanshifu85', 'id': 'juanshifu85'}, 'rating': 961, 'ratingDiff': -6}}","{'eco': 'C40', 'name': ""King's Pawn Game: Damiano Defense"", 'ply': 4}","{'initial': 300, 'increment': 3, 'totalTime': 420}",white
79RImEVj,True,standard,blitz,blitz,1709044328825,1709044552977,mate,pool,"{'white': {'user': {'name': 'Ferrocinetica', 'id': 'ferrocinetica'}, 'rating': 920, 'ratingDiff': -6, 'analysis': {'inaccuracy': 2, 'mistake': 2, 'blunder': 3, 'acpl': 125, 'accuracy': 64}}, 'black': {'user': {'name': 'selemin', 'id': 'selemin'}, 'rating': 905, 'ratingDiff': 9, 'analysis': {'inaccuracy': 3, 'mistake': 1, 'blunder': 1, 'acpl': 69, 'accuracy': 81}}}","{'eco': 'C25', 'name': 'Vienna Game', 'ply': 3}","{'initial': 300, 'increment': 3, 'totalTime': 420}",black
QP89Najh,True,standard,blitz,blitz,1708987428703,1708988217487,mate,pool,"{'white': {'user': {'name': 'selemin', 'id': 'selemin'}, 'rating': 914, 'ratingDiff': -9}, 'black': {'user': {'name': 'Damianodeimaneski', 'id': 'damianodeimaneski'}, 'rating': 894, 'ratingDiff': 6}}","{'eco': 'C40', 'name': 'Elephant Gambit', 'ply': 4}","{'initial': 300, 'increment': 3, 'totalTime': 420}",black
aQNowdBZ,True,standard,blitz,blitz,1708977145720,1708977245779,resign,pool,"{'white': {'user': {'name': 'selemin', 'id': 'selemin'}, 'rating': 923, 'ratingDiff': -9}, 'black': {'user': {'name': 'Bob7E', 'flair': 'travel-places.globe-with-meridians', 'id': 'bob7e'}, 'rating': 930, 'ratingDiff': 6}}","{'eco': 'B01', 'name': 'Scandinavian Defense: Valencian Variation', 'ply': 6}","{'initial': 300, 'increment': 3, 'totalTime': 420}",black
Bv8bipmN,True,standard,blitz,blitz,1708976778841,1708977135110,resign,pool,"{'white': {'user': {'name': 'Menayzovyt', 'id': 'menayzovyt'}, 'rating': 959, 'ratingDiff': 5}, 'black': {'user': {'name': 'selemin', 'id': 'selemin'}, 'rating': 931, 'ratingDiff': -8}}","{'eco': 'A00', 'name': ""Van't Kruijs Opening"", 'ply': 1}","{'initial': 300, 'increment': 3, 'totalTime': 420}",white
OIIfPY8e,True,standard,blitz,blitz,1708956662020,1708956943847,resign,pool,"{'white': {'user': {'name': 'Feijooo', 'id': 'feijooo'}, 'rating': 859, 'ratingDiff': -5, 'analysis': {'inaccuracy': 2, 'mistake': 2, 'blunder': 1, 'acpl': 64, 'accuracy': 70}}, 'black': {'user': {'name': 'selemin', 'id': 'selemin'}, 'rating': 923, 'ratingDiff': 8, 'analysis': {'inaccuracy': 4, 'mistake': 0, 'blunder': 0, 'acpl': 28, 'accuracy': 92}}}","{'eco': 'D06', 'name': ""Queen's Gambit Declined: Marshall Defense"", 'ply': 4}","{'initial': 300, 'increment': 3, 'totalTime': 420}",black
sA2TMiOI,True,standard,blitz,blitz,1708904171381,1708904518819,resign,pool,"{'white': {'user': {'name': 'akoshkin', 'id': 'akoshkin'}, 'rating': 951, 'ratingDiff': -6, 'analysis': {'inaccuracy': 3, 'mistake': 2, 'blunder': 2, 'acpl': 55, 'accuracy': 74}}, 'black': {'user': {'name': 'selemin', 'id': 'selemin'}, 'rating': 913, 'ratingDiff': 10, 'analysis': {'inaccuracy': 1, 'mistake': 3, 'blunder': 1, 'acpl': 35, 'accuracy': 85}}}","{'eco': 'C44', 'name': 'Ponziani Opening: Jaenisch Counterattack', 'ply': 6}","{'initial': 300, 'increment': 3, 'totalTime': 420}",black
UW5ULO09,True,standard,blitz,blitz,1708441456960,1708442005379,mate,pool,"{'white': {'user': {'name': 'selemin', 'id': 'selemin'}, 'rating': 905, 'ratingDiff': 8, 'analysis': {'inaccuracy': 1, 'mistake': 2, 'blunder': 0, 'acpl': 47, 'accuracy': 89}}, 'black': {'user': {'name': 'Sunkara_Vasu', 'id': 'sunkara_vasu'}, 'rating': 841, 'ratingDiff': -5, 'analysis': {'inaccuracy': 6, 'mistake': 5, 'blunder': 0, 'acpl': 82, 'accuracy': 80}}}","{'eco': 'C40', 'name': ""King's Pawn Game: McConnell Defense"", 'ply': 4}","{'initial': 300, 'increment': 3, 'totalTime': 420}",white
ifI4Sqku,True,standard,blitz,blitz,1708355227935,1708355915738,resign,pool,"{'white': {'user': {'name': 'selemin', 'id': 'selemin'}, 'rating': 893, 'ratingDiff': 12, 'analysis': {'inaccuracy': 6, 'mistake': 3, 'blunder': 3, 'acpl': 76, 'accuracy': 58}}, 'black': {'user': {'name': 'Bhanu_king', 'flair': 'smileys.angry-face-with-horns', 'id': 'bhanu_king'}, 'rating': 949, 'ratingDiff': -6, 'analysis': {'inaccuracy': 4, 'mistake': 4, 'blunder': 6, 'acpl': 96, 'accuracy': 73}}}","{'eco': 'C40', 'name': ""King's Pawn Game: Damiano Defense"", 'ply': 4}","{'initial': 300, 'increment': 3, 'totalTime': 420}",white
z0fXZNMM,True,standard,blitz,blitz,1708092350980,1708092542103,resign,pool,"{'white': {'user': {'name': 'J-imex', 'id': 'j-imex'}, 'rating': 899, 'ratingDiff': 6}, 'black': {'user': {'name': 'selemin', 'id': 'selemin'}, 'rating': 903, 'ratingDiff': -10}}","{'eco': 'C50', 'name': 'Italian Game: Giuoco Piano', 'ply': 6}","{'initial': 300, 'increment': 3, 'totalTime': 420}",white
nKKxbNA5,True,standard,blitz,blitz,1708005858801,1708005976615,resign,pool,"{'white': {'user': {'name': 'selemin', 'id': 'selemin'}, 'rating': 911, 'ratingDiff': -8}, 'black': {'user': {'name': 'damianksz', 'id': 'damianksz'}, 'rating': 1002, 'ratingDiff': 5}}","{'eco': 'C41', 'name': 'Philidor Defense: Exchange Variation', 'ply': 7}","{'initial': 300, 'increment': 3, 'totalTime': 420}",black
tXjGT5bc,True,standard,blitz,blitz,1708004905352,1708005679055,mate,pool,"{'white': {'user': {'name': 'selemin', 'id': 'selemin'}, 'rating': 923, 'ratingDiff': -12, 'analysis': {'inaccuracy': 4, 'mistake': 1, 'blunder': 3, 'acpl': 48, 'accuracy': 61}}, 'black': {'user': {'name': 'martin5star', 'id': 'martin5star'}, 'rating': 848, 'ratingDiff': 13, 'analysis': {'inaccuracy': 7, 'mistake': 0, 'blunder': 3, 'acpl': 30, 'accuracy': 89}}}","{'eco': 'B12', 'name': 'Caro-Kann Defense: Advance Variation', 'ply': 5}","{'initial': 300, 'increment': 3, 'totalTime': 420}",black
UhN18Aix,True,standard,bullet,bullet,1707968204598,1707968536187,mate,pool,"{'white': {'user': {'name': 'joyboy_onepiece', 'id': 'joyboy_onepiece'}, 'rating': 869, 'ratingDiff': -10}, 'black': {'user': {'name': 'selemin', 'id': 'selemin'}, 'rating': 838, 'ratingDiff': 13}}","{'eco': 'C44', 'name': 'Scotch Game: Lolli Variation', 'ply': 9}","{'initial': 120, 'increment': 1, 'totalTime': 160}",black
rQvkuliS,True,standard,blitz,blitz,1707950885975,1707951452943,draw,pool,"{'white': {'user': {'name': 'javistnegra', 'id': 'javistnegra'}, 'rating': 947, 'ratingDiff': -1}, 'black': {'user': {'name': 'selemin', 'id': 'selemin'}, 'rating': 922, 'ratingDiff': 1}}","{'eco': 'C50', 'name': 'Italian Game: Giuoco Pianissimo, Normal', 'ply': 8}","{'initial': 300, 'increment': 3, 'totalTime': 420}",
G74CZZN9,True,standard,blitz,blitz,1707950264061,1707950677509,outoftime,pool,"{'white': {'user': {'name': 'selemin', 'id': 'selemin'}, 'rating': 910, 'ratingDiff': 12}, 'black': {'user': {'name': 'tano4ek', 'flair': 'nature.snowflake', 'id': 'tano4ek'}, 'rating': 957, 'ratingDiff': -9}}","{'eco': 'C40', 'name': 'Elephant Gambit: Paulsen Countergambit', 'ply': 6}","{'initial': 300, 'increment': 3, 'totalTime': 420}",white
elfa9KQs,True,standard,blitz,blitz,1707764329152,1707764820318,mate,pool,"{'white': {'user': {'name': 'selenski', 'id': 'selenski'}, 'rating': 895, 'ratingDiff': -6, 'analysis': {'inaccuracy': 2, 'mistake': 2, 'blunder': 3, 'acpl': 103, 'accuracy': 52}}, 'black': {'user': {'name': 'selemin', 'id': 'selemin'}, 'rating': 899, 'ratingDiff': 11, 'analysis': {'inaccuracy': 2, 'mistake': 1, 'blunder': 1, 'acpl': 63, 'accuracy': 64}}}","{'eco': 'C54', 'name': 'Italian Game: Classical Variation, Giuoco Pianissimo', 'ply': 12}","{'initial': 300, 'increment': 3, 'totalTime': 420}",black
YE8SKMmn,True,standard,blitz,blitz,1707402996740,1707403310039,mate,pool,"{'white': {'user': {'name': 'chema_17', 'id': 'chema_17'}, 'rating': 884, 'ratingDiff': 7, 'analysis': {'inaccuracy': 1, 'mistake': 1, 'blunder': 2, 'acpl': 60, 'accuracy': 72}}, 'black': {'user': {'name': 'selemin', 'id': 'selemin'}, 'rating': 911, 'ratingDiff': -12, 'analysis': {'inaccuracy': 3, 'mistake': 1, 'blunder': 3, 'acpl': 111, 'accuracy': 60}}}","{'eco': 'C45', 'name': 'Scotch Game: Classical Variation', 'ply': 8}","{'initial': 300, 'increment': 3, 'totalTime': 420}",white
JFVPFQ06,True,standard,blitz,blitz,1707139108421,1707139326676,resign,pool,"{'white': {'user': {'name': 'selemin', 'id': 'selemin'}, 'rating': 922, 'ratingDiff': -11}, 'black': {'user': {'name': 'Karpov123zxc', 'id': 'karpov123zxc'}, 'rating': 917, 'ratingDiff': 16}}","{'eco': 'C54', 'name': 'Italian Game: Classical Variation, Greco Gambit, Traditional Line', 'ply': 11}","{'initial': 300, 'increment': 3, 'totalTime': 420}",black
yijvvVtV,True,standard,blitz,blitz,1706897826690,1706898122265,resign,pool,"{'white': {'user': {'name': 'selemin', 'id': 'selemin'}, 'rating': 912, 'ratingDiff': 10}, 'black': {'user': {'name': 'kxvmo', 'id': 'kxvmo'}, 'rating': 867, 'ratingDiff': -5}}","{'eco': 'C41', 'name': 'Philidor Defense: Philidor Countergambit', 'ply': 6}","{'initial': 300, 'increment': 3, 'totalTime': 420}",white
VInccFiD,True,standard,blitz,blitz,1706800250852,1706800754183,resign,pool,"{'white': {'user': {'name': 'ConnorStoyle', 'id': 'connorstoyle'}, 'rating': 970, 'ratingDiff': 5, 'analysis': {'inaccuracy': 0, 'mistake': 2, 'blunder': 3, 'acpl': 95, 'accuracy': 64}}, 'black': {'user': {'name': 'selemin', 'id': 'selemin'}, 'rating': 922, 'ratingDiff': -10, 'analysis': {'inaccuracy': 1, 'mistake': 1, 'blunder': 4, 'acpl': 147, 'accuracy': 45}}}","{'eco': 'C54', 'name': 'Italian Game: Classical Variation, Giuoco Pianissimo', 'ply': 9}","{'initial': 300, 'increment': 3, 'totalTime': 420}",white
8Rf8J1Uc,True,standard,blitz,blitz,1706561632027,1706561871137,resign,pool,"{'white': {'user': {'name': 'selemin', 'id': 'selemin'}, 'rating': 913, 'ratingDiff': 9}, 'black': {'user': {'name': 'clashu', 'id': 'clashu'}, 'rating': 826, 'ratingDiff': -8}}","{'eco': 'B01', 'name': 'Scandinavian Defense', 'ply': 2}","{'initial': 300, 'increment': 3, 'totalTime': 420}",white
WVpQryV5,True,standard,blitz,blitz,1706535328183,1706535524296,resign,pool,"{'white': {'user': {'name': 'MEHRDAD_IRANI', 'id': 'mehrdad_irani'}, 'rating': 945, 'ratingDiff': -38, 'provisional': True, 'analysis': {'inaccuracy': 0, 'mistake': 1, 'blunder': 3, 'acpl': 148, 'accuracy': 45}}, 'black': {'user': {'name': 'selemin', 'id': 'selemin'}, 'rating': 900, 'ratingDiff': 13, 'analysis': {'inaccuracy': 1, 'mistake': 1, 'blunder': 2, 'acpl': 77, 'accuracy': 65}}}","{'eco': 'C20', 'name': ""King's Pawn Game: Napoleon Attack"", 'ply': 3}","{'initial': 300, 'increment': 3, 'totalTime': 420}",black
pau19d8m,True,standard,blitz,blitz,1706126787417,1706127319425,resign,pool,"{'white': {'user': {'name': 'selemin', 'id': 'selemin'}, 'rating': 910, 'ratingDiff': -10}, 'black': {'user': {'name': 'aerobyravol', 'flair': 'travel-places.parachute', 'id': 'aerobyravol'}, 'rating': 989, 'ratingDiff': 5}}","{'eco': 'B00', 'name': 'Owen Defense', 'ply': 2}","{'initial': 300, 'increment': 3, 'totalTime': 420}",black
2try1mK3,True,standard,blitz,blitz,1706122269308,1706122815999,resign,pool,"{'white': {'user': {'name': 'bobunja', 'id': 'bobunja'}, 'rating': 894, 'ratingDiff': 6}, 'black': {'user': {'name': 'selemin', 'id': 'selemin'}, 'rating': 924, 'ratingDiff': -14}}","{'eco': 'C50', 'name': 'Italian Game: Giuoco Piano', 'ply': 6}","{'initial': 300, 'increment': 3, 'totalTime': 420}",white
V5utJ9dK,True,standard,blitz,blitz,1706066754959,1706066812344,resign,pool,"{'white': {'user': {'name': 'selemin', 'id': 'selemin'}, 'rating': 912, 'ratingDiff': 12}, 'black': {'user': {'name': 'superBobr228', 'id': 'superbobr228'}, 'rating': 907, 'ratingDiff': -74, 'provisional': True}}","{'eco': 'C57', 'name': 'Italian Game: Two Knights Defense, Traxler Counterattack, Knight Sacrifice Line', 'ply': 9}","{'initial': 300, 'increment': 3, 'totalTime': 420}",white
WM1nDzwc,True,standard,blitz,blitz,1706066273588,1706066682813,resign,pool,"{'white': {'user': {'name': 'GoodGame29', 'id': 'goodgame29'}, 'rating': 979, 'ratingDiff': 5, 'analysis': {'inaccuracy': 1, 'mistake': 0, 'blunder': 0, 'acpl': 8, 'accuracy': 97}}, 'black': {'user': {'name': 'selemin', 'id': 'selemin'}, 'rating': 924, 'ratingDiff': -12, 'analysis': {'inaccuracy': 0, 'mistake': 0, 'blunder': 1, 'acpl': 46, 'accuracy': 70}}}","{'eco': 'D01', 'name': 'Rapport-Jobava System', 'ply': 5}","{'initial': 300, 'increment': 3, 'totalTime': 420}",white
SIVAZygW,True,standard,blitz,blitz,1706066094410,1706066252911,resign,pool,"{'white': {'user': {'name': 'selemin', 'id': 'selemin'}, 'rating': 912, 'ratingDiff': 12}, 'black': {'user': {'name': 'BeboBenju', 'flair': 'smileys.ghost', 'id': 'bebobenju'}, 'rating': 861, 'ratingDiff': -23}}","{'eco': 'C57', 'name': 'Italian Game: Two Knights Defense, Knight Attack, Normal Variation', 'ply': 8}","{'initial': 300, 'increment': 3, 'totalTime': 420}",white
xCJAsLvX,True,standard,blitz,blitz,1706019932732,1706020017527,mate,pool,"{'white': {'user': {'name': 'loldopoking', 'id': 'loldopoking'}, 'rating': 789, 'ratingDiff': -10, 'analysis': {'inaccuracy': 0, 'mistake': 1, 'blunder': 1, 'acpl': 131, 'accuracy': 44}}, 'black': {'user': {'name': 'selemin', 'id': 'selemin'}, 'rating': 902, 'ratingDiff': 10, 'analysis': {'inaccuracy': 1, 'mistake': 0, 'blunder': 0, 'acpl': 21, 'accuracy': 86}}}","{'eco': 'C50', 'name': 'Italian Game: Giuoco Pianissimo, Italian Four Knights Variation', 'ply': 9}","{'initial': 300, 'increment': 3, 'totalTime': 420}",black
GqjyCUPC,True,standard,blitz,blitz,1705531756157,1705532191692,mate,pool,"{'white': {'user': {'name': 'selemin', 'id': 'selemin'}, 'rating': 916, 'ratingDiff': -14}, 'black': {'user': {'name': 'TruusTrucsStudy', 'id': 'truustrucsstudy'}, 'rating': 930, 'ratingDiff': 5}}","{'eco': 'B12', 'name': 'Caro-Kann Defense: Advance Variation, Short Variation', 'ply': 7}","{'initial': 300, 'increment': 3, 'totalTime': 420}",black
qHT5Nz8H,True,standard,blitz,blitz,1705531661470,1705531692898,resign,pool,"{'white': {'user': {'name': 'pmb76', 'id': 'pmb76'}, 'rating': 1052, 'ratingDiff': 4}, 'black': {'user': {'name': 'selemin', 'id': 'selemin'}, 'rating': 926, 'ratingDiff': -10}}","{'eco': 'D02', 'name': ""Queen's Pawn Game: Chigorin Variation"", 'ply': 4}","{'initial': 300, 'increment': 3, 'totalTime': 420}",white
952BhugO,True,standard,blitz,blitz,1705530864065,1705531340511,resign,pool,"{'white': {'user': {'name': 'selemin', 'id': 'selemin'}, 'rating': 912, 'ratingDiff': 14, 'analysis': {'inaccuracy': 3, 'mistake': 2, 'blunder': 3, 'acpl': 38, 'accuracy': 86}}, 'black': {'user': {'name': 'Sinaldo', 'id': 'sinaldo'}, 'rating': 875, 'ratingDiff': -5, 'analysis': {'inaccuracy': 3, 'mistake': 3, 'blunder': 4, 'acpl': 60, 'accuracy': 81}}}","{'eco': 'B27', 'name': 'Sicilian Defense', 'ply': 3}","{'initial': 300, 'increment': 3, 'totalTime': 420}",white
EcFrpcxu,True,standard,blitz,blitz,1704982342585,1704982770849,mate,pool,"{'white': {'user': {'name': 'Paren644', 'id': 'paren644'}, 'rating': 931, 'ratingDiff': -6, 'analysis': {'inaccuracy': 4, 'mistake': 5, 'blunder': 0, 'acpl': 47, 'accuracy': 83}}, 'black': {'user': {'name': 'selemin', 'id': 'selemin'}, 'rating': 893, 'ratingDiff': 19, 'analysis': {'inaccuracy': 3, 'mistake': 1, 'blunder': 0, 'acpl': 21, 'accuracy': 93}}}","{'eco': 'D00', 'name': ""Queen's Pawn Game"", 'ply': 3}","{'initial': 300, 'increment': 3, 'totalTime': 420}",black
UMr1TqD5,True,standard,bullet,bullet,1704805593074,1704805795650,resign,pool,"{'white': {'user': {'name': 'selemin', 'id': 'selemin'}, 'rating': 827, 'ratingDiff': 11}, 'black': {'user': {'name': 'SpunkyGalaxy', 'flair': 'symbols.sos-button', 'patron': True, 'patronColor': 6, 'id': 'spunkygalaxy'}, 'rating': 877, 'ratingDiff': -10}}","{'eco': 'B18', 'name': 'Caro-Kann Defense: Classical Variation', 'ply': 8}","{'initial': 120, 'increment': 1, 'totalTime': 160}",white
jAXdS9fq,True,standard,blitz,blitz,1704805096649,1704805538479,mate,pool,"{'white': {'user': {'name': 'ThiagarajanS', 'id': 'thiagarajans'}, 'rating': 800, 'ratingDiff': 7}, 'black': {'user': {'name': 'selemin', 'id': 'selemin'}, 'rating': 916, 'ratingDiff': -23}}","{'eco': 'D00', 'name': ""Queen's Pawn Game: Accelerated London System"", 'ply': 3}","{'initial': 300, 'increment': 3, 'totalTime': 420}",white
igIv70Ba,True,standard,blitz,blitz,1704726185932,1704726750784,resign,pool,"{'white': {'user': {'name': 'selemin', 'id': 'selemin'}, 'rating': 929, 'ratingDiff': -13, 'analysis': {'inaccuracy': 2, 'mistake': 1, 'blunder': 1, 'acpl': 68, 'accuracy': 69}}, 'black': {'user': {'name': 'gamalamr', 'id': 'gamalamr'}, 'rating': 1028, 'ratingDiff': 4, 'analysis': {'inaccuracy': 2, 'mistake': 1, 'blunder': 2, 'acpl': 38, 'accuracy': 87}}}","{'eco': 'C41', 'name': 'Philidor Defense: Lion Variation', 'ply': 8}","{'initial': 300, 'increment': 3, 'totalTime': 420}",black
VZH7xklr,True,standard,blitz,blitz,1704725927461,1704725958651,mate,pool,"{'white': {'user': {'name': 'kayrococo', 'id': 'kayrococo'}, 'rating': 927, 'ratingDiff': 6, 'analysis': {'inaccuracy': 1, 'mistake': 0, 'blunder': 0, 'acpl': 27, 'accuracy': 87}}, 'black': {'user': {'name': 'selemin', 'id': 'selemin'}, 'rating': 949, 'ratingDiff': -20, 'analysis': {'inaccuracy': 0, 'mistake': 0, 'blunder': 1, 'acpl': 354, 'accuracy': 20}}}","{'eco': 'C23', 'name': ""Bishop's Opening"", 'ply': 3}","{'initial': 300, 'increment': 3, 'totalTime': 420}",white
3Lgz0mDa,True,standard,blitz,blitz,1704375624281,1704376201852,mate,pool,"{'white': {'user': {'name': 'selemin', 'id': 'selemin'}, 'rating': 928, 'ratingDiff': 21, 'analysis': {'inaccuracy': 4, 'mistake': 1, 'blunder': 0, 'acpl': 36, 'accuracy': 93}}, 'black': {'user': {'name': 'Werni48', 'id': 'werni48'}, 'rating': 955, 'ratingDiff': -6, 'analysis': {'inaccuracy': 5, 'mistake': 2, 'blunder': 1, 'acpl': 65, 'accuracy': 85}}}","{'eco': 'C42', 'name': ""Petrov's Defense"", 'ply': 7}","{'initial': 300, 'increment': 3, 'totalTime': 420}",white
pUw0LoOe,True,standard,blitz,blitz,1704313600407,1704313814695,resign,pool,"{'white': {'user': {'name': 'oso1094', 'id': 'oso1094'}, 'rating': 976, 'ratingDiff': -7, 'analysis': {'inaccuracy': 2, 'mistake': 2, 'blunder': 2, 'acpl': 120, 'accuracy': 55}}, 'black': {'user': {'name': 'selemin', 'id': 'selemin'}, 'rating': 903, 'ratingDiff': 25, 'analysis': {'inaccuracy': 0, 'mistake': 1, 'blunder': 2, 'acpl': 69, 'accuracy': 65}}}","{'eco': 'C20', 'name': ""King's Pawn Game: Wayward Queen Attack, Kiddie Countergambit"", 'ply': 4}","{'initial': 300, 'increment': 3, 'totalTime': 420}",black
rpL22TW6,True,standard,blitz,blitz,1704204934546,1704205024159,mate,pool,"{'white': {'user': {'name': 'Amatist4', 'id': 'amatist4'}, 'rating': 913, 'ratingDiff': 7}, 'black': {'user': {'name': 'selemin', 'id': 'selemin'}, 'rating': 926, 'ratingDiff': -23}}","{'eco': 'C57', 'name': 'Italian Game: Two Knights Defense, Knight Attack, Normal Variation', 'ply': 8}","{'initial': 300, 'increment': 3, 'totalTime': 420}",white
FzOB7XIQ,True,standard,bullet,bullet,1703974850855,1703975149029,outoftime,pool,"{'white': {'user': {'name': 'herj3', 'id': 'herj3'}, 'rating': 785, 'ratingDiff': -5}, 'black': {'user': {'name': 'selemin', 'id': 'selemin'}, 'rating': 818, 'ratingDiff': 9}}","{'eco': 'A00', 'name': 'Saragossa Opening', 'ply': 1}","{'initial': 120, 'increment': 1, 'totalTime': 160}",black
8pSnvY2N,True,standard,bullet,bullet,1703974783275,1703974814414,resign,pool,"{'white': {'user': {'name': 'selemin', 'id': 'selemin'}, 'rating': 829, 'ratingDiff': -11}, 'black': {'user': {'name': 'herj3', 'id': 'herj3'}, 'rating': 778, 'ratingDiff': 7}}","{'eco': 'B12', 'name': 'Caro-Kann Defense', 'ply': 3}","{'initial': 120, 'increment': 1, 'totalTime': 160}",black
D3QReXy7,True,standard,bullet,bullet,1703960839591,1703961032662,resign,pool,"{'white': {'user': {'name': 'selemin', 'id': 'selemin'}, 'rating': 820, 'ratingDiff': 9, 'analysis': {'inaccuracy': 1, 'mistake': 0, 'blunder': 1, 'acpl': 19, 'accuracy': 91}}, 'black': {'user': {'name': 'quisquiquock', 'patron': True, 'patronColor': 9, 'id': 'quisquiquock'}, 'rating': 771, 'ratingDiff': -5, 'analysis': {'inaccuracy': 4, 'mistake': 0, 'blunder': 1, 'acpl': 31, 'accuracy': 87}}}","{'eco': 'B57', 'name': 'Sicilian Defense: Classical Variation, Sozin Attack', 'ply': 11}","{'initial': 120, 'increment': 1, 'totalTime': 160}",white
UTckgUj2,True,standard,blitz,blitz,1703857239167,1703857674209,mate,pool,"{'white': {'user': {'name': 'moyenlamoet', 'id': 'moyenlamoet'}, 'rating': 860, 'ratingDiff': -13, 'analysis': {'inaccuracy': 2, 'mistake': 3, 'blunder': 2, 'acpl': 76, 'accuracy': 81}}, 'black': {'user': {'name': 'selemin', 'id': 'selemin'}, 'rating': 906, 'ratingDiff': 20, 'analysis': {'inaccuracy': 2, 'mistake': 2, 'blunder': 0, 'acpl': 42, 'accuracy': 89}}}","{'eco': 'D00', 'name': ""Queen's Pawn Game: Accelerated London System"", 'ply': 3}","{'initial': 300, 'increment': 3, 'totalTime': 420}",black
ommY9Kor,True,standard,blitz,blitz,1703856238718,1703856730461,mate,pool,"{'white': {'user': {'name': 'Electrochino', 'id': 'electrochino'}, 'rating': 948, 'ratingDiff': -9, 'analysis': {'inaccuracy': 7, 'mistake': 1, 'blunder': 3, 'acpl': 73, 'accuracy': 74}}, 'black': {'user': {'name': 'selemin', 'id': 'selemin'}, 'rating': 876, 'ratingDiff': 30, 'analysis': {'inaccuracy': 0, 'mistake': 2, 'blunder': 1, 'acpl': 51, 'accuracy': 79}}}","{'eco': 'C20', 'name': ""King's Pawn Game: Wayward Queen Attack, Kiddie Countergambit"", 'ply': 4}","{'initial': 300, 'increment': 3, 'totalTime': 420}",black
2h8OI6BT,True,standard,blitz,blitz,1703798638867,1703798788202,resign,pool,"{'white': {'user': {'name': 'mrlenlen', 'id': 'mrlenlen'}, 'rating': 1016, 'ratingDiff': 5}, 'black': {'user': {'name': 'selemin', 'id': 'selemin'}, 'rating': 893, 'ratingDiff': -17}}","{'eco': 'C22', 'name': 'Center Game: Normal Variation', 'ply': 6}","{'initial': 300, 'increment': 3, 'totalTime': 420}",white
7iMwAHLg,True,standard,blitz,blitz,1703766045083,1703766178962,mate,pool,"{'white': {'user': {'name': 'selemin', 'id': 'selemin'}, 'rating': 862, 'ratingDiff': 31}, 'black': {'user': {'name': 'Tsyganova_U', 'id': 'tsyganova_u'}, 'rating': 898, 'ratingDiff': -6}}","{'eco': 'C40', 'name': ""King's Knight Opening"", 'ply': 3}","{'initial': 300, 'increment': 3, 'totalTime': 420}",white
uQhmT6fL,True,standard,blitz,blitz,1703464315911,1703464603319,mate,pool,"{'white': {'user': {'name': 'selemin', 'id': 'selemin'}, 'rating': 830, 'ratingDiff': 32}, 'black': {'user': {'name': 'fenerlibeko', 'id': 'fenerlibeko'}, 'rating': 846, 'ratingDiff': -6}}","{'eco': 'C42', 'name': ""Petrov's Defense: Three Knights Game"", 'ply': 5}","{'initial': 300, 'increment': 3, 'totalTime': 420}",white
pTI7Thmd,True,standard,blitz,blitz,1703464077234,1703464302150,resign,pool,"{'white': {'user': {'name': 'fenerlibeko', 'id': 'fenerlibeko'}, 'rating': 840, 'ratingDiff': 6}, 'black': {'user': {'name': 'selemin', 'id': 'selemin'}, 'rating': 866, 'ratingDiff': -36, 'provisional': True}}","{'eco': 'C20', 'name': ""King's Pawn Game: Wayward Queen Attack, Kiddie Countergambit"", 'ply': 4}","{'initial': 300, 'increment': 3, 'totalTime': 420}",white
xsOzSVA2,True,standard,blitz,blitz,1703463884736,1703464049779,resign,pool,"{'white': {'user': {'name': 'selemin', 'id': 'selemin'}, 'rating': 822, 'ratingDiff': 44, 'provisional': True}, 'black': {'user': {'name': 'muhammad1375', 'id': 'muhammad1375'}, 'rating': 886, 'ratingDiff': -7}}","{'eco': 'B00', 'name': 'Nimzowitsch Defense: Woodchuck Variation', 'ply': 4}","{'initial': 300, 'increment': 3, 'totalTime': 420}",white
skNoIYyX,True,standard,blitz,blitz,1703463567400,1703463874659,resign,pool,"{'white': {'user': {'name': 'beanssssssss', 'id': 'beanssssssss'}, 'rating': 803, 'ratingDiff': -17}, 'black': {'user': {'name': 'selemin', 'id': 'selemin'}, 'rating': 779, 'ratingDiff': 43, 'provisional': True}}","{'eco': 'A00', 'name': 'Kádas Opening', 'ply': 1}","{'initial': 300, 'increment': 3, 'totalTime': 420}",black
bgEgvaNj,True,standard,bullet,bullet,1703462596454,1703462880651,outoftime,pool,"{'white': {'user': {'name': 'chechebatazo', 'id': 'chechebatazo'}, 'rating': 803, 'ratingDiff': -17}, 'black': {'user': {'name': 'selemin', 'id': 'selemin'}, 'rating': 811, 'ratingDiff': 9}}","{'eco': 'C70', 'name': 'Ruy Lopez: Morphy Defense, Caro Variation', 'ply': 8}","{'initial': 120, 'increment': 1, 'totalTime': 160}",black
VaXwHBws,True,standard,bullet,bullet,1703443545611,1703443713703,resign,pool,"{'white': {'user': {'name': 'selemin', 'id': 'selemin'}, 'rating': 820, 'ratingDiff': -9}, 'black': {'user': {'name': 'Aleksa_I', 'id': 'aleksa_i'}, 'rating': 851, 'ratingDiff': 6}}","{'eco': 'C10', 'name': 'French Defense: Marshall Gambit', 'ply': 6}","{'initial': 120, 'increment': 1, 'totalTime': 160}",black
HlaZ06mr,True,standard,bullet,bullet,1703343582944,1703343873171,mate,pool,"{'white': {'user': {'name': 'Abdo_90X', 'flair': 'nature.spider-web', 'id': 'abdo_90x'}, 'rating': 940, 'ratingDiff': -105, 'provisional': True}, 'black': {'user': {'name': 'selemin', 'id': 'selemin'}, 'rating': 808, 'ratingDiff': 12}}","{'eco': 'C44', 'name': ""King's Knight Opening: Normal Variation"", 'ply': 4}","{'initial': 120, 'increment': 1, 'totalTime': 160}",black
hid4alA2,True,standard,bullet,bullet,1702994123022,1702994318652,resign,pool,"{'white': {'user': {'name': 'selemin', 'id': 'selemin'}, 'rating': 818, 'ratingDiff': -10}, 'black': {'user': {'name': 'Labeck', 'id': 'labeck'}, 'rating': 837, 'ratingDiff': 6}}","{'eco': 'C41', 'name': 'Philidor Defense', 'ply': 4}","{'initial': 120, 'increment': 1, 'totalTime': 160}",black
IjXg825m,True,standard,bullet,bullet,1702935712622,1702935757506,resign,pool,"{'white': {'user': {'name': 'Signorchecky', 'id': 'signorchecky'}, 'rating': 860, 'ratingDiff': 5}, 'black': {'user': {'name': 'selemin', 'id': 'selemin'}, 'rating': 827, 'ratingDiff': -9}}","{'eco': 'D53', 'name': ""Queen's Gambit Declined"", 'ply': 8}","{'initial': 120, 'increment': 1, 'totalTime': 160}",white
1ZR0EwxG,True,standard,bullet,bullet,1702826198755,1702826254325,resign,pool,"{'white': {'user': {'name': 'selemin', 'id': 'selemin'}, 'rating': 816, 'ratingDiff': 11}, 'black': {'user': {'name': 'branor04', 'id': 'branor04'}, 'rating': 812, 'ratingDiff': -5}}","{'eco': 'B32', 'name': 'Sicilian Defense: Open', 'ply': 7}","{'initial': 120, 'increment': 1, 'totalTime': 160}",white
iFTRBJHk,True,standard,bullet,bullet,1702645511309,1702645810815,outoftime,pool,"{'white': {'user': {'name': 'N_Parthasarathy', 'id': 'n_parthasarathy'}, 'rating': 895, 'ratingDiff': -7}, 'black': {'user': {'name': 'selemin', 'id': 'selemin'}, 'rating': 802, 'ratingDiff': 14}}","{'eco': 'D30', 'name': ""Queen's Gambit Declined"", 'ply': 4}","{'initial': 120, 'increment': 1, 'totalTime': 160}",black
Nv0uHFU4,True,standard,bullet,bullet,1702561286504,1702561670019,outoftime,pool,"{'white': {'user': {'name': 'selemin', 'id': 'selemin'}, 'rating': 795, 'ratingDiff': 7}, 'black': {'user': {'name': 'duck968', 'id': 'duck968'}, 'rating': 657, 'ratingDiff': -4}}","{'eco': 'B50', 'name': 'Sicilian Defense', 'ply': 6}","{'initial': 120, 'increment': 1, 'totalTime': 160}",white
3z81aWRr,True,standard,bullet,bullet,1702476906345,1702476991711,mate,pool,"{'white': {'user': {'name': 'Betsku2012', 'id': 'betsku2012'}, 'rating': 947, 'ratingDiff': 6}, 'black': {'user': {'name': 'selemin', 'id': 'selemin'}, 'rating': 802, 'ratingDiff': -7}}","{'eco': 'D00', 'name': ""Queen's Pawn Game: Accelerated London System"", 'ply': 3}","{'initial': 120, 'increment': 1, 'totalTime': 160}",white
59WefaTc,True,standard,bullet,bullet,1702298623803,1702298842704,resign,pool,"{'white': {'user': {'name': 'selemin', 'id': 'selemin'}, 'rating': 814, 'ratingDiff': -12}, 'black': {'user': {'name': 'DuleDan', 'id': 'duledan'}, 'rating': 822, 'ratingDiff': 6}}","{'eco': 'C00', 'name': 'French Defense: Knight Variation', 'ply': 3}","{'initial': 120, 'increment': 1, 'totalTime': 160}",black
jMQ6ibxg,True,standard,bullet,bullet,1702129526119,1702129768675,mate,pool,"{'white': {'user': {'name': 'selemin', 'id': 'selemin'}, 'rating': 801, 'ratingDiff': 13}, 'black': {'user': {'name': 'Tahayasingg', 'flair': 'symbols.no-one-under-eighteen', 'id': 'tahayasingg'}, 'rating': 810, 'ratingDiff': -6}}","{'eco': 'B01', 'name': 'Scandinavian Defense: Mieses-Kotroc Variation', 'ply': 4}","{'initial': 120, 'increment': 1, 'totalTime': 160}",white
k85nlYKL,True,standard,bullet,bullet,1701964239354,1701964462153,mate,pool,"{'white': {'user': {'name': 'rameshrec1994', 'id': 'rameshrec1994'}, 'rating': 701, 'ratingDiff': -4}, 'black': {'user': {'name': 'selemin', 'id': 'selemin'}, 'rating': 791, 'ratingDiff': 10}}","{'eco': 'C68', 'name': 'Ruy Lopez: Exchange Variation, Lutikov Variation', 'ply': 8}","{'initial': 120, 'increment': 1, 'totalTime': 160}",black
GG9Li9NU,True,standard,bullet,bullet,1701869427088,1701869461868,resign,pool,"{'white': {'user': {'name': 'zbass1', 'id': 'zbass1'}, 'rating': 888, 'ratingDiff': 5}, 'black': {'user': {'name': 'selemin', 'id': 'selemin'}, 'rating': 801, 'ratingDiff': -10}}","{'eco': 'C23', 'name': ""Bishop's Opening"", 'ply': 3}","{'initial': 120, 'increment': 1, 'totalTime': 160}",white
wCz1H5Nn,True,standard,bullet,bullet,1701785984115,1701786186956,resign,pool,"{'white': {'user': {'name': 'selemin', 'id': 'selemin'}, 'rating': 816, 'ratingDiff': -15, 'analysis': {'inaccuracy': 1, 'mistake': 1, 'blunder': 3, 'acpl': 90, 'accuracy': 66}}, 'black': {'user': {'name': 'muhammet06_5g', 'id': 'muhammet06_5g'}, 'rating': 765, 'ratingDiff': 20, 'analysis': {'inaccuracy': 0, 'mistake': 1, 'blunder': 2, 'acpl': 71, 'accuracy': 76}}}","{'eco': 'C40', 'name': ""King's Pawn Game: Busch-Gass Gambit"", 'ply': 4}","{'initial': 120, 'increment': 1, 'totalTime': 160}",black
yxxGa0DK,True,standard,bullet,bullet,1701696175812,1701696414428,mate,pool,"{'white': {'user': {'name': 'selemin', 'id': 'selemin'}, 'rating': 825, 'ratingDiff': -9}, 'black': {'user': {'name': 'isikos', 'id': 'isikos'}, 'rating': 959, 'ratingDiff': 4}}","{'eco': 'C42', 'name': ""Petrov's Defense: Three Knights Game"", 'ply': 5}","{'initial': 120, 'increment': 1, 'totalTime': 160}",black
3TbuYtTr,True,standard,bullet,bullet,1701552996364,1701553340678,mate,pool,"{'white': {'user': {'name': 'oramakomaburamakoy', 'id': 'oramakomaburamakoy'}, 'rating': 901, 'ratingDiff': -26, 'analysis': {'inaccuracy': 4, 'mistake': 0, 'blunder': 5, 'acpl': 77, 'accuracy': 56}}, 'black': {'user': {'name': 'selemin', 'id': 'selemin'}, 'rating': 807, 'ratingDiff': 18, 'analysis': {'inaccuracy': 1, 'mistake': 1, 'blunder': 5, 'acpl': 57, 'accuracy': 63}}}","{'eco': 'C20', 'name': ""King's Pawn Game: Leonardis Variation"", 'ply': 3}","{'initial': 120, 'increment': 1, 'totalTime': 160}",black
5RzMmEE4,True,standard,bullet,bullet,1701435263867,1701435643222,mate,pool,"{'white': {'user': {'name': 'selemin', 'id': 'selemin'}, 'rating': 792, 'ratingDiff': 15}, 'black': {'user': {'name': 'Zsuat-65', 'id': 'zsuat-65'}, 'rating': 799, 'ratingDiff': -8}}","{'eco': 'C50', 'name': 'Italian Game', 'ply': 5}","{'initial': 120, 'increment': 1, 'totalTime': 160}",white
B1ZVOM1o,True,standard,bullet,bullet,1701385833176,1701386053399,mate,pool,"{'white': {'user': {'name': 'Avik711', 'id': 'avik711'}, 'rating': 842, 'ratingDiff': -27, 'analysis': {'inaccuracy': 0, 'mistake': 1, 'blunder': 2, 'acpl': 54, 'accuracy': 74}}, 'black': {'user': {'name': 'selemin', 'id': 'selemin'}, 'rating': 774, 'ratingDiff': 18, 'analysis': {'inaccuracy': 0, 'mistake': 0, 'blunder': 0, 'acpl': 15, 'accuracy': 93}}}","{'eco': 'C50', 'name': 'Italian Game: Giuoco Piano', 'ply': 6}","{'initial': 120, 'increment': 1, 'totalTime': 160}",black
0zc0g1BZ,True,standard,bullet,bullet,1701266150392,1701266174509,resign,pool,"{'white': {'user': {'name': 'selemin', 'id': 'selemin'}, 'rating': 790, 'ratingDiff': -16}, 'black': {'user': {'name': 'JimboElrod', 'id': 'jimboelrod'}, 'rating': 787, 'ratingDiff': 6}}","{'eco': 'B50', 'name': 'Sicilian Defense', 'ply': 6}","{'initial': 120, 'increment': 1, 'totalTime': 160}",black
k4iC5zTR,True,standard,bullet,bullet,1701187246628,1701187556905,outoftime,pool,"{'white': {'user': {'name': 'paulc99', 'id': 'paulc99'}, 'rating': 837, 'ratingDiff': -8}, 'black': {'user': {'name': 'selemin', 'id': 'selemin'}, 'rating': 771, 'ratingDiff': 19}}","{'eco': 'C54', 'name': 'Italian Game: Classical Variation, Greco Gambit, Traditional Line', 'ply': 11}","{'initial': 120, 'increment': 1, 'totalTime': 160}",black
VRnqYbAN,True,standard,bullet,bullet,1701111145024,1701111385843,outoftime,pool,"{'white': {'user': {'name': 'selemin', 'id': 'selemin'}, 'rating': 754, 'ratingDiff': 17}, 'black': {'user': {'name': 'piotr1066', 'id': 'piotr1066'}, 'rating': 734, 'ratingDiff': -6}}","{'eco': 'B01', 'name': 'Scandinavian Defense: Gubinsky-Melts Defense', 'ply': 6}","{'initial': 120, 'increment': 1, 'totalTime': 160}",white
btLcd9R4,True,standard,bullet,bullet,1701091000540,1701091149210,mate,pool,"{'white': {'user': {'name': 'schach_kaffee', 'flair': 'smileys.smiling-face-with-sunglasses', 'id': 'schach_kaffee'}, 'rating': 770, 'ratingDiff': 7}, 'black': {'user': {'name': 'selemin', 'id': 'selemin'}, 'rating': 772, 'ratingDiff': -18}}","{'eco': 'D38', 'name': ""Queen's Gambit Declined: Ragozin Defense"", 'ply': 8}","{'initial': 120, 'increment': 1, 'totalTime': 160}",white
BHoTDOn6,True,standard,bullet,bullet,1700663758237,1700663985038,resign,pool,"{'white': {'user': {'name': 'Migonper19', 'id': 'migonper19'}, 'rating': 795, 'ratingDiff': -6}, 'black': {'user': {'name': 'selemin', 'id': 'selemin'}, 'rating': 751, 'ratingDiff': 21}}","{'eco': 'C49', 'name': 'Four Knights Game: Spanish Variation, Double Spanish', 'ply': 8}","{'initial': 120, 'increment': 1, 'totalTime': 160}",black
4YSQQIFn,True,standard,bullet,bullet,1700578923127,1700579205133,outoftime,pool,"{'white': {'user': {'name': 'selemin', 'id': 'selemin'}, 'rating': 727, 'ratingDiff': 24}, 'black': {'user': {'name': 'BajrangBishnoi', 'id': 'bajrangbishnoi'}, 'rating': 922, 'ratingDiff': -133, 'provisional': True}}","{'eco': 'B01', 'name': 'Scandinavian Defense: Mieses-Kotroc Variation', 'ply': 4}","{'initial': 120, 'increment': 1, 'totalTime': 160}",white
yz8fFe5P,True,standard,bullet,bullet,1700484692184,1700484913893,resign,pool,"{'white': {'user': {'name': 'selemin', 'id': 'selemin'}, 'rating': 744, 'ratingDiff': -17}, 'black': {'user': {'name': 'Jomaalga', 'id': 'jomaalga'}, 'rating': 803, 'ratingDiff': 4}}","{'eco': 'B01', 'name': 'Scandinavian Defense: Valencian Variation', 'ply': 6}","{'initial': 120, 'increment': 1, 'totalTime': 160}",black
35lMhye4,True,standard,bullet,bullet,1699880104587,1699880310202,outoftime,pool,"{'white': {'user': {'name': 'Pedroangelo888291', 'id': 'pedroangelo888291'}, 'rating': 774, 'ratingDiff': 19}, 'black': {'user': {'name': 'selemin', 'id': 'selemin'}, 'rating': 763, 'ratingDiff': -19}}","{'eco': 'C20', 'name': ""King's Pawn Game: Wayward Queen Attack, Kiddie Countergambit"", 'ply': 4}","{'initial': 120, 'increment': 1, 'totalTime': 160}",white
rJCall9M,True,standard,bullet,bullet,1699798750812,1699798972956,resign,pool,"{'white': {'user': {'name': 'Pon2Queen', 'id': 'pon2queen'}, 'rating': 887, 'ratingDiff': 6}, 'black': {'user': {'name': 'selemin', 'id': 'selemin'}, 'rating': 779, 'ratingDiff': -16}}","{'eco': 'C44', 'name': 'Scotch Game', 'ply': 5}","{'initial': 120, 'increment': 1, 'totalTime': 160}",white
Mz0liC3U,True,standard,bullet,bullet,1699729170595,1699729355683,resign,pool,"{'white': {'user': {'name': 'selemin', 'id': 'selemin'}, 'rating': 803, 'ratingDiff': -24}, 'black': {'user': {'name': 'KnightsRules', 'id': 'knightsrules'}, 'rating': 780, 'ratingDiff': 6}}","{'eco': 'C41', 'name': 'Philidor Defense', 'ply': 5}","{'initial': 120, 'increment': 1, 'totalTime': 160}",black
9NqdlF1p,True,standard,bullet,bullet,1699620920631,1699621167867,mate,pool,"{'white': {'user': {'name': 'selemin', 'id': 'selemin'}, 'rating': 774, 'ratingDiff': 29}, 'black': {'user': {'name': 'EgorFead', 'id': 'egorfead'}, 'rating': 859, 'ratingDiff': -35}}","{'eco': 'B01', 'name': 'Scandinavian Defense', 'ply': 2}","{'initial': 120, 'increment': 1, 'totalTime': 160}",white
y8AAlJSD,True,standard,bullet,bullet,1699533478838,1699533780957,outoftime,pool,"{'white': {'user': {'name': 'duck968', 'id': 'duck968'}, 'rating': 681, 'ratingDiff': -5}, 'black': {'user': {'name': 'selemin', 'id': 'selemin'}, 'rating': 752, 'ratingDiff': 22}}","{'eco': 'C50', 'name': 'Four Knights Game: Italian Variation', 'ply': 8}","{'initial': 120, 'increment': 1, 'totalTime': 160}",black
d9IGblLU,True,standard,bullet,bullet,1699447187364,1699447470022,outoftime,pool,"{'white': {'user': {'name': 'selemin', 'id': 'selemin'}, 'rating': 778, 'ratingDiff': -26}, 'black': {'user': {'name': 'PareaGharibloo', 'id': 'pareagharibloo'}, 'rating': 808, 'ratingDiff': 5}}","{'eco': 'C42', 'name': ""Petrov's Defense: Three Knights Game"", 'ply': 5}","{'initial': 120, 'increment': 1, 'totalTime': 160}",black
qR3rUDaf,True,standard,bullet,bullet,1699358395718,1699358631714,outoftime,pool,"{'white': {'user': {'name': 'selemin', 'id': 'selemin'}, 'rating': 810, 'ratingDiff': -32}, 'black': {'user': {'name': 'Abd_karam', 'id': 'abd_karam'}, 'rating': 799, 'ratingDiff': 6}}","{'eco': 'C50', 'name': 'Italian Game: Giuoco Pianissimo', 'ply': 11}","{'initial': 120, 'increment': 1, 'totalTime': 160}",black
0NYkH5bw,True,standard,bullet,bullet,1699277100198,1699277192679,resign,pool,"{'white': {'user': {'name': 'Schachcapybara', 'id': 'schachcapybara'}, 'rating': 811, 'ratingDiff': 6, 'analysis': {'inaccuracy': 0, 'mistake': 0, 'blunder': 0, 'acpl': 20, 'accuracy': 96}}, 'black': {'user': {'name': 'selemin', 'id': 'selemin'}, 'rating': 847, 'ratingDiff': -37, 'provisional': True, 'analysis': {'inaccuracy': 2, 'mistake': 0, 'blunder': 1, 'acpl': 115, 'accuracy': 57}}}","{'eco': 'C50', 'name': 'Italian Game: Giuoco Pianissimo, Italian Four Knights Variation', 'ply': 9}","{'initial': 120, 'increment': 1, 'totalTime': 160}",white
a0AmHIrW,True,standard,bullet,bullet,1699229686379,1699230028993,mate,pool,"{'white': {'user': {'name': 'selemin', 'id': 'selemin'}, 'rating': 808, 'ratingDiff': 39, 'provisional': True, 'analysis': {'inaccuracy': 6, 'mistake': 0, 'blunder': 1, 'acpl': 34, 'accuracy': 92}}, 'black': {'user': {'name': 'ihadmarbles', 'patron': True, 'patronColor': 10, 'id': 'ihadmarbles'}, 'rating': 823, 'ratingDiff': -8, 'analysis': {'inaccuracy': 4, 'mistake': 2, 'blunder': 1, 'acpl': 53, 'accuracy': 86}}}","{'eco': 'B01', 'name': 'Scandinavian Defense: Valencian Variation', 'ply': 6}","{'initial': 120, 'increment': 1, 'totalTime': 160}",white
hJbsWKYW,True,standard,bullet,bullet,1699188275232,1699188595535,outoftime,pool,"{'white': {'user': {'name': 'Maine49', 'id': 'maine49'}, 'rating': 804, 'ratingDiff': 6}, 'black': {'user': {'name': 'selemin', 'id': 'selemin'}, 'rating': 855, 'ratingDiff': -47, 'provisional': True}}","{'eco': 'A00', 'name': ""Van't Kruijs Opening"", 'ply': 1}","{'initial': 120, 'increment': 1, 'totalTime': 160}",white
fRsqN7UO,True,standard,bullet,bullet,1699126345699,1699126626490,outoftime,pool,"{'white': {'user': {'name': 'neptune58', 'flair': 'people.detective-dark-skin-tone', 'id': 'neptune58'}, 'rating': 825, 'ratingDiff': -6}, 'black': {'user': {'name': 'selemin', 'id': 'selemin'}, 'rating': 805, 'ratingDiff': 50, 'provisional': True}}","{'eco': 'C45', 'name': 'Scotch Game: Classical Variation', 'ply': 8}","{'initial': 120, 'increment': 1, 'totalTime': 160}",black
QcEAitgH,True,standard,blitz,blitz,1699045009297,1699045170644,resign,pool,"{'white': {'user': {'name': 'onekita31', 'id': 'onekita31'}, 'rating': 690, 'ratingDiff': 8}, 'black': {'user': {'name': 'selemin', 'id': 'selemin'}, 'rating': 839, 'ratingDiff': -60, 'provisional': True}}","{'eco': 'D01', 'name': 'Rapport-Jobava System', 'ply': 5}","{'initial': 180, 'increment': 2, 'totalTime': 260}",white
xaGREF9B,True,standard,bullet,bullet,1696547910328,1696547996460,resign,pool,"{'white': {'user': {'name': 'selemin', 'id': 'selemin'}, 'rating': 874, 'ratingDiff': -69, 'provisional': True}, 'black': {'user': {'name': 'ans1genie', 'id': 'ans1genie'}, 'rating': 755, 'ratingDiff': 7}}","{'eco': 'B01', 'name': 'Scandinavian Defense: Mieses-Kotroc Variation', 'ply': 4}","{'initial': 60, 'increment': 0, 'totalTime': 60}",black
